featureId,existingLocation,destination,requirement,ownership,invariants,implementation,areaValidation
F01.01,Appearance (separate top-bar panel),appearance,Skin name,Unified presentation,Preview is distinct from saving; Import preserves a draft until applied; Do not reduce custom skins to a theme switch,"Existing native form, action and behavior retained; navigation relocated",settings-completeness-browser; settings-browser
F01.02,Appearance (separate top-bar panel),appearance,"Light, dark, follow-device appearance",Unified presentation,Preview is distinct from saving; Import preserves a draft until applied; Do not reduce custom skins to a theme switch,"Existing native form, action and behavior retained; navigation relocated",settings-completeness-browser; settings-browser
F01.03,Appearance (separate top-bar panel),appearance,"All three layouts: context alongside, more conversation room, context on left",Unified presentation,Preview is distinct from saving; Import preserves a draft until applied; Do not reduce custom skins to a theme switch,"Existing native form, action and behavior retained; navigation relocated",settings-completeness-browser; settings-browser
F01.04,Appearance (separate top-bar panel),appearance,Complete CSS editor,Unified presentation,Preview is distinct from saving; Import preserves a draft until applied; Do not reduce custom skins to a theme switch,"Existing native form, action and behavior retained; navigation relocated",settings-completeness-browser; settings-browser
F01.05,Appearance (separate top-bar panel),appearance,Apply skin,Unified presentation,Preview is distinct from saving; Import preserves a draft until applied; Do not reduce custom skins to a theme switch,"Existing native form, action and behavior retained; navigation relocated",settings-completeness-browser; settings-browser
F01.06,Appearance (separate top-bar panel),appearance,Preview and end preview,Unified presentation,Preview is distinct from saving; Import preserves a draft until applied; Do not reduce custom skins to a theme switch,"Existing native form, action and behavior retained; navigation relocated",settings-completeness-browser; settings-browser
F01.07,Appearance (separate top-bar panel),appearance,Revert edits,Unified presentation,Preview is distinct from saving; Import preserves a draft until applied; Do not reduce custom skins to a theme switch,"Existing native form, action and behavior retained; navigation relocated",settings-completeness-browser; settings-browser
F01.08,Appearance (separate top-bar panel),appearance,Export skin,Unified presentation,Preview is distinct from saving; Import preserves a draft until applied; Do not reduce custom skins to a theme switch,"Existing native form, action and behavior retained; navigation relocated",settings-completeness-browser; settings-browser
F01.09,Appearance (separate top-bar panel),appearance,Import CSS by picker or drag/drop; 250 KB limit,Unified presentation,Preview is distinct from saving; Import preserves a draft until applied; Do not reduce custom skins to a theme switch,"Existing native form, action and behavior retained; navigation relocated",settings-completeness-browser; settings-browser
F01.10,Appearance (separate top-bar panel),appearance,Restore default skin,Unified presentation,Preview is distinct from saving; Import preserves a draft until applied; Do not reduce custom skins to a theme switch,"Existing native form, action and behavior retained; navigation relocated",settings-completeness-browser; settings-browser
F02.01,Setup > Conversation defaults > Voice,voice,Preferred voice model,Unified voice integration,"No invented microphone, speaker, interruption or speech controls","Existing native form, action and behavior retained; navigation relocated",settings-completeness-browser
F02.02,Setup > Conversation defaults > Voice,voice,Fallback voice model,Unified voice integration,"No invented microphone, speaker, interruption or speech controls","Existing native form, action and behavior retained; navigation relocated",settings-completeness-browser
F02.03,Setup > Conversation defaults > Voice,voice,Both existing model choices,Unified voice integration,"No invented microphone, speaker, interruption or speech controls","Existing native form, action and behavior retained; navigation relocated",settings-completeness-browser
F02.04,Setup > Conversation defaults > Voice,voice,Apply to future voice connections,Unified voice integration,"No invented microphone, speaker, interruption or speech controls","Existing native form, action and behavior retained; navigation relocated",settings-completeness-browser
F03.01,Maintenance > Notifications,notifications,Load saved notification settings,Unified notifications,"HTTPS server without embedded credentials, query or fragment; Topic validates characters and length; Push requires a topic; No secrets in shared UI state; Permission request is device-specific","Existing native form, action and behavior retained; navigation relocated",settings-completeness-browser; test_management.py
F03.02,Maintenance > Notifications,notifications,Request browser notification permission,Unified notifications,"HTTPS server without embedded credentials, query or fragment; Topic validates characters and length; Push requires a topic; No secrets in shared UI state; Permission request is device-specific","Existing native form, action and behavior retained; navigation relocated",settings-completeness-browser; test_management.py
F03.03,Maintenance > Notifications,notifications,Desktop notifications for text responses,Unified notifications,"HTTPS server without embedded credentials, query or fragment; Topic validates characters and length; Push requires a topic; No secrets in shared UI state; Permission request is device-specific","Existing native form, action and behavior retained; navigation relocated",settings-completeness-browser; test_management.py
F03.04,Maintenance > Notifications,notifications,Notification server,Unified notifications,"HTTPS server without embedded credentials, query or fragment; Topic validates characters and length; Push requires a topic; No secrets in shared UI state; Permission request is device-specific","Existing native form, action and behavior retained; navigation relocated",settings-completeness-browser; test_management.py
F03.05,Maintenance > Notifications,notifications,Private topic,Unified notifications,"HTTPS server without embedded credentials, query or fragment; Topic validates characters and length; Push requires a topic; No secrets in shared UI state; Permission request is device-specific","Existing native form, action and behavior retained; navigation relocated",settings-completeness-browser; test_management.py
F03.06,Maintenance > Notifications,notifications,Private access token,Unified notifications,"HTTPS server without embedded credentials, query or fragment; Topic validates characters and length; Push requires a topic; No secrets in shared UI state; Permission request is device-specific","Existing native form, action and behavior retained; navigation relocated",settings-completeness-browser; test_management.py
F03.07,Maintenance > Notifications,notifications,Saved-credential indicators and blank-preserves-existing behavior,Unified notifications,"HTTPS server without embedded credentials, query or fragment; Topic validates characters and length; Push requires a topic; No secrets in shared UI state; Permission request is device-specific","Existing native form, action and behavior retained; navigation relocated",settings-completeness-browser; test_management.py
F03.08,Maintenance > Notifications,notifications,Enable push delivery,Unified notifications,"HTTPS server without embedded credentials, query or fragment; Topic validates characters and length; Push requires a topic; No secrets in shared UI state; Permission request is device-specific","Existing native form, action and behavior retained; navigation relocated",settings-completeness-browser; test_management.py
F03.09,Maintenance > Notifications,notifications,Include response preview,Unified notifications,"HTTPS server without embedded credentials, query or fragment; Topic validates characters and length; Push requires a topic; No secrets in shared UI state; Permission request is device-specific","Existing native form, action and behavior retained; navigation relocated",settings-completeness-browser; test_management.py
F03.10,Maintenance > Notifications,notifications,Save all notification choices together,Unified notifications,"HTTPS server without embedded credentials, query or fragment; Topic validates characters and length; Push requires a topic; No secrets in shared UI state; Permission request is device-specific","Existing native form, action and behavior retained; navigation relocated",settings-completeness-browser; test_management.py
F04.01,Setup > Model providers,providers,Refresh provider configurations,Unified generic provider management,Credentials remain private; Provider instance identity is distinct from provider module identity; Reordering disabled during filtered view; Tests use saved values; Current-session selection requires mounted provider and idle work; Retain draft on failed submission; Do not remove custom provider or JSON escape hatches,"Existing native form, action and behavior retained; navigation relocated",settings-browser; provider-interactions; activity-feedback-browser
F04.02,Setup > Model providers,providers,Filter providers with text or wildcard; clear and no-match states,Unified generic provider management,Credentials remain private; Provider instance identity is distinct from provider module identity; Reordering disabled during filtered view; Tests use saved values; Current-session selection requires mounted provider and idle work; Retain draft on failed submission; Do not remove custom provider or JSON escape hatches,"Existing native form, action and behavior retained; navigation relocated",settings-browser; provider-interactions; activity-feedback-browser
F04.03,Setup > Model providers,providers,"Reorder by drag, keyboard or up/down arrows",Unified generic provider management,Credentials remain private; Provider instance identity is distinct from provider module identity; Reordering disabled during filtered view; Tests use saved values; Current-session selection requires mounted provider and idle work; Retain draft on failed submission; Do not remove custom provider or JSON escape hatches,"Existing native form, action and behavior retained; navigation relocated",settings-browser; provider-interactions; activity-feedback-browser
F04.04,Setup > Model providers,providers,Select existing or add provider,Unified generic provider management,Credentials remain private; Provider instance identity is distinct from provider module identity; Reordering disabled during filtered view; Tests use saved values; Current-session selection requires mounted provider and idle work; Retain draft on failed submission; Do not remove custom provider or JSON escape hatches,"Existing native form, action and behavior retained; navigation relocated",settings-browser; provider-interactions; activity-feedback-browser
F04.05,Setup > Model providers,providers,Provider instance name,Unified generic provider management,Credentials remain private; Provider instance identity is distinct from provider module identity; Reordering disabled during filtered view; Tests use saved values; Current-session selection requires mounted provider and idle work; Retain draft on failed submission; Do not remove custom provider or JSON escape hatches,"Existing native form, action and behavior retained; navigation relocated",settings-browser; provider-interactions; activity-feedback-browser
F04.06,Setup > Model providers,providers,"Global, project and private workspace scopes",Unified generic provider management,Credentials remain private; Provider instance identity is distinct from provider module identity; Reordering disabled during filtered view; Tests use saved values; Current-session selection requires mounted provider and idle work; Retain draft on failed submission; Do not remove custom provider or JSON escape hatches,"Existing native form, action and behavior retained; navigation relocated",settings-browser; provider-interactions; activity-feedback-browser
F04.07,Setup > Model providers,providers,Existing provider presets and custom provider module,Unified generic provider management,Credentials remain private; Provider instance identity is distinct from provider module identity; Reordering disabled during filtered view; Tests use saved values; Current-session selection requires mounted provider and idle work; Retain draft on failed submission; Do not remove custom provider or JSON escape hatches,"Existing native form, action and behavior retained; navigation relocated",settings-browser; provider-interactions; activity-feedback-browser
F04.08,Setup > Model providers,providers,Environment-variable credential mode and variable name,Unified generic provider management,Credentials remain private; Provider instance identity is distinct from provider module identity; Reordering disabled during filtered view; Tests use saved values; Current-session selection requires mounted provider and idle work; Retain draft on failed submission; Do not remove custom provider or JSON escape hatches,"Existing native form, action and behavior retained; navigation relocated",settings-browser; provider-interactions; activity-feedback-browser
F04.09,Setup > Model providers,providers,"Check variable; availability, default and alternative variable metadata",Unified generic provider management,Credentials remain private; Provider instance identity is distinct from provider module identity; Reordering disabled during filtered view; Tests use saved values; Current-session selection requires mounted provider and idle work; Retain draft on failed submission; Do not remove custom provider or JSON escape hatches,"Existing native form, action and behavior retained; navigation relocated",settings-browser; provider-interactions; activity-feedback-browser
F04.10,Setup > Model providers,providers,Private saved-key input; blank preserves key,Unified generic provider management,Credentials remain private; Provider instance identity is distinct from provider module identity; Reordering disabled during filtered view; Tests use saved values; Current-session selection requires mounted provider and idle work; Retain draft on failed submission; Do not remove custom provider or JSON escape hatches,"Existing native form, action and behavior retained; navigation relocated",settings-browser; provider-interactions; activity-feedback-browser
F04.11,Setup > Model providers,providers,Account sign-in provider path,Unified generic provider management,Credentials remain private; Provider instance identity is distinct from provider module identity; Reordering disabled during filtered view; Tests use saved values; Current-session selection requires mounted provider and idle work; Retain draft on failed submission; Do not remove custom provider or JSON escape hatches,"Existing native form, action and behavior retained; navigation relocated",settings-browser; provider-interactions; activity-feedback-browser
F04.12,Setup > Model providers,providers,"Default model catalog; loading, no-catalog and manual entry fallback",Unified generic provider management,Credentials remain private; Provider instance identity is distinct from provider module identity; Reordering disabled during filtered view; Tests use saved values; Current-session selection requires mounted provider and idle work; Retain draft on failed submission; Do not remove custom provider or JSON escape hatches,"Existing native form, action and behavior retained; navigation relocated",settings-browser; provider-interactions; activity-feedback-browser
F04.13,Setup > Model providers,providers,Model filtering when catalogs are large,Unified generic provider management,Credentials remain private; Provider instance identity is distinct from provider module identity; Reordering disabled during filtered view; Tests use saved values; Current-session selection requires mounted provider and idle work; Retain draft on failed submission; Do not remove custom provider or JSON escape hatches,"Existing native form, action and behavior retained; navigation relocated",settings-browser; provider-interactions; activity-feedback-browser
F04.14,Setup > Model providers,providers,Refresh models,Unified generic provider management,Credentials remain private; Provider instance identity is distinct from provider module identity; Reordering disabled during filtered view; Tests use saved values; Current-session selection requires mounted provider and idle work; Retain draft on failed submission; Do not remove custom provider or JSON escape hatches,"Existing native form, action and behavior retained; navigation relocated",settings-browser; provider-interactions; activity-feedback-browser
F04.15,Setup > Model providers,providers,Test saved connection and distinguish catalog test from chat request,Unified generic provider management,Credentials remain private; Provider instance identity is distinct from provider module identity; Reordering disabled during filtered view; Tests use saved values; Current-session selection requires mounted provider and idle work; Retain draft on failed submission; Do not remove custom provider or JSON escape hatches,"Existing native form, action and behavior retained; navigation relocated",settings-browser; provider-interactions; activity-feedback-browser
F04.16,Setup > Model providers,providers,Start provider sign-in,Unified generic provider management,Credentials remain private; Provider instance identity is distinct from provider module identity; Reordering disabled during filtered view; Tests use saved values; Current-session selection requires mounted provider and idle work; Retain draft on failed submission; Do not remove custom provider or JSON escape hatches,"Existing native form, action and behavior retained; navigation relocated",settings-browser; provider-interactions; activity-feedback-browser
F04.17,Setup > Model providers,providers,Open secure sign-in link,Unified generic provider management,Credentials remain private; Provider instance identity is distinct from provider module identity; Reordering disabled during filtered view; Tests use saved values; Current-session selection requires mounted provider and idle work; Retain draft on failed submission; Do not remove custom provider or JSON escape hatches,"Existing native form, action and behavior retained; navigation relocated",settings-browser; provider-interactions; activity-feedback-browser
F04.18,Setup > Model providers,providers,Check sign-in status,Unified generic provider management,Credentials remain private; Provider instance identity is distinct from provider module identity; Reordering disabled during filtered view; Tests use saved values; Current-session selection requires mounted provider and idle work; Retain draft on failed submission; Do not remove custom provider or JSON escape hatches,"Existing native form, action and behavior retained; navigation relocated",settings-browser; provider-interactions; activity-feedback-browser
F04.19,Setup > Model providers,providers,Cancel sign-in,Unified generic provider management,Credentials remain private; Provider instance identity is distinct from provider module identity; Reordering disabled during filtered view; Tests use saved values; Current-session selection requires mounted provider and idle work; Retain draft on failed submission; Do not remove custom provider or JSON escape hatches,"Existing native form, action and behavior retained; navigation relocated",settings-browser; provider-interactions; activity-feedback-browser
F04.20,Setup > Model providers,providers,Provider-declared option fields and show-when conditions,Unified generic provider management,Credentials remain private; Provider instance identity is distinct from provider module identity; Reordering disabled during filtered view; Tests use saved values; Current-session selection requires mounted provider and idle work; Retain draft on failed submission; Do not remove custom provider or JSON escape hatches,"Existing native form, action and behavior retained; navigation relocated",settings-browser; provider-interactions; activity-feedback-browser
F04.21,Setup > Model providers,providers,Saved nonstandard option values,Unified generic provider management,Credentials remain private; Provider instance identity is distinct from provider module identity; Reordering disabled during filtered view; Tests use saved values; Current-session selection requires mounted provider and idle work; Retain draft on failed submission; Do not remove custom provider or JSON escape hatches,"Existing native form, action and behavior retained; navigation relocated",settings-browser; provider-interactions; activity-feedback-browser
F04.22,Setup > Model providers,providers,Retry failed option loading,Unified generic provider management,Credentials remain private; Provider instance identity is distinct from provider module identity; Reordering disabled during filtered view; Tests use saved values; Current-session selection requires mounted provider and idle work; Retain draft on failed submission; Do not remove custom provider or JSON escape hatches,"Existing native form, action and behavior retained; navigation relocated",settings-browser; provider-interactions; activity-feedback-browser
F04.23,Setup > Model providers,providers,Advanced module source with location picker,Unified generic provider management,Credentials remain private; Provider instance identity is distinct from provider module identity; Reordering disabled during filtered view; Tests use saved values; Current-session selection requires mounted provider and idle work; Retain draft on failed submission; Do not remove custom provider or JSON escape hatches,"Existing native form, action and behavior retained; navigation relocated",settings-browser; provider-interactions; activity-feedback-browser
F04.24,Setup > Model providers,providers,Advanced configuration JSON and credential rejection,Unified generic provider management,Credentials remain private; Provider instance identity is distinct from provider module identity; Reordering disabled during filtered view; Tests use saved values; Current-session selection requires mounted provider and idle work; Retain draft on failed submission; Do not remove custom provider or JSON escape hatches,"Existing native form, action and behavior retained; navigation relocated",settings-browser; provider-interactions; activity-feedback-browser
F04.25,Setup > Model providers,providers,Save provider,Unified generic provider management,Credentials remain private; Provider instance identity is distinct from provider module identity; Reordering disabled during filtered view; Tests use saved values; Current-session selection requires mounted provider and idle work; Retain draft on failed submission; Do not remove custom provider or JSON escape hatches,"Existing native form, action and behavior retained; navigation relocated",settings-browser; provider-interactions; activity-feedback-browser
F04.26,Setup > Model providers,providers,Remove provider,Unified generic provider management,Credentials remain private; Provider instance identity is distinct from provider module identity; Reordering disabled during filtered view; Tests use saved values; Current-session selection requires mounted provider and idle work; Retain draft on failed submission; Do not remove custom provider or JSON escape hatches,"Existing native form, action and behavior retained; navigation relocated",settings-browser; provider-interactions; activity-feedback-browser
F04.27,Setup > Model providers,providers,Use selected model in this conversation,Unified generic provider management,Credentials remain private; Provider instance identity is distinct from provider module identity; Reordering disabled during filtered view; Tests use saved values; Current-session selection requires mounted provider and idle work; Retain draft on failed submission; Do not remove custom provider or JSON escape hatches,"Existing native form, action and behavior retained; navigation relocated",settings-browser; provider-interactions; activity-feedback-browser
F05.01,Setup > Model routing,routing,"Refresh, filter and clear profile list",Unified routing integration,General and fast roles required; Each role retains at least one complete provider/model candidate; Candidate order carries meaning; Unknown roles and advanced candidate configuration preserved; Activation applies to future preparation,"Existing native form, action and behavior retained; navigation relocated",settings-browser; provider-interactions
F05.02,Setup > Model routing,routing,Active profile indicator,Unified routing integration,General and fast roles required; Each role retains at least one complete provider/model candidate; Candidate order carries meaning; Unknown roles and advanced candidate configuration preserved; Activation applies to future preparation,"Existing native form, action and behavior retained; navigation relocated",settings-browser; provider-interactions
F05.03,Setup > Model routing,routing,Edit existing profile,Unified routing integration,General and fast roles required; Each role retains at least one complete provider/model candidate; Candidate order carries meaning; Unknown roles and advanced candidate configuration preserved; Activation applies to future preparation,"Existing native form, action and behavior retained; navigation relocated",settings-browser; provider-interactions
F05.04,Setup > Model routing,routing,Activate another profile,Unified routing integration,General and fast roles required; Each role retains at least one complete provider/model candidate; Candidate order carries meaning; Unknown roles and advanced candidate configuration preserved; Activation applies to future preparation,"Existing native form, action and behavior retained; navigation relocated",settings-browser; provider-interactions
F05.05,Setup > Model routing,routing,New profile,Unified routing integration,General and fast roles required; Each role retains at least one complete provider/model candidate; Candidate order carries meaning; Unknown roles and advanced candidate configuration preserved; Activation applies to future preparation,"Existing native form, action and behavior retained; navigation relocated",settings-browser; provider-interactions
F05.06,Setup > Model routing,routing,Profile name and save scope,Unified routing integration,General and fast roles required; Each role retains at least one complete provider/model candidate; Candidate order carries meaning; Unknown roles and advanced candidate configuration preserved; Activation applies to future preparation,"Existing native form, action and behavior retained; navigation relocated",settings-browser; provider-interactions
F05.07,Setup > Model routing,routing,All declared role names and descriptions,Unified routing integration,General and fast roles required; Each role retains at least one complete provider/model candidate; Candidate order carries meaning; Unknown roles and advanced candidate configuration preserved; Activation applies to future preparation,"Existing native form, action and behavior retained; navigation relocated",settings-browser; provider-interactions
F05.08,Setup > Model routing,routing,Provider and model per candidate,Unified routing integration,General and fast roles required; Each role retains at least one complete provider/model candidate; Candidate order carries meaning; Unknown roles and advanced candidate configuration preserved; Activation applies to future preparation,"Existing native form, action and behavior retained; navigation relocated",settings-browser; provider-interactions
F05.09,Setup > Model routing,routing,Model catalog and manual fallback,Unified routing integration,General and fast roles required; Each role retains at least one complete provider/model candidate; Candidate order carries meaning; Unknown roles and advanced candidate configuration preserved; Activation applies to future preparation,"Existing native form, action and behavior retained; navigation relocated",settings-browser; provider-interactions
F05.10,Setup > Model routing,routing,Add fallback candidate,Unified routing integration,General and fast roles required; Each role retains at least one complete provider/model candidate; Candidate order carries meaning; Unknown roles and advanced candidate configuration preserved; Activation applies to future preparation,"Existing native form, action and behavior retained; navigation relocated",settings-browser; provider-interactions
F05.11,Setup > Model routing,routing,"Reorder candidates by drag, arrows or keyboard",Unified routing integration,General and fast roles required; Each role retains at least one complete provider/model candidate; Candidate order carries meaning; Unknown roles and advanced candidate configuration preserved; Activation applies to future preparation,"Existing native form, action and behavior retained; navigation relocated",settings-browser; provider-interactions
F05.12,Setup > Model routing,routing,Remove candidates,Unified routing integration,General and fast roles required; Each role retains at least one complete provider/model candidate; Candidate order carries meaning; Unknown roles and advanced candidate configuration preserved; Activation applies to future preparation,"Existing native form, action and behavior retained; navigation relocated",settings-browser; provider-interactions
F05.13,Setup > Model routing,routing,Add custom role,Unified routing integration,General and fast roles required; Each role retains at least one complete provider/model candidate; Candidate order carries meaning; Unknown roles and advanced candidate configuration preserved; Activation applies to future preparation,"Existing native form, action and behavior retained; navigation relocated",settings-browser; provider-interactions
F05.14,Setup > Model routing,routing,Remove optional role,Unified routing integration,General and fast roles required; Each role retains at least one complete provider/model candidate; Candidate order carries meaning; Unknown roles and advanced candidate configuration preserved; Activation applies to future preparation,"Existing native form, action and behavior retained; navigation relocated",settings-browser; provider-interactions
F05.15,Setup > Model routing,routing,Full profile JSON editor,Unified routing integration,General and fast roles required; Each role retains at least one complete provider/model candidate; Candidate order carries meaning; Unknown roles and advanced candidate configuration preserved; Activation applies to future preparation,"Existing native form, action and behavior retained; navigation relocated",settings-browser; provider-interactions
F05.16,Setup > Model routing,routing,Validate JSON into draft,Unified routing integration,General and fast roles required; Each role retains at least one complete provider/model candidate; Candidate order carries meaning; Unknown roles and advanced candidate configuration preserved; Activation applies to future preparation,"Existing native form, action and behavior retained; navigation relocated",settings-browser; provider-interactions
F05.17,Setup > Model routing,routing,Save active profile or save and activate new profile,Unified routing integration,General and fast roles required; Each role retains at least one complete provider/model candidate; Candidate order carries meaning; Unknown roles and advanced candidate configuration preserved; Activation applies to future preparation,"Existing native form, action and behavior retained; navigation relocated",settings-browser; provider-interactions
F06.01,Capabilities > App bundles,app-bundles,List app additions and registered standalone aliases,Unified bundle composition,Composition order preserved; Standalone alias is distinct from composed behavior; Registered sources do not establish live loaded modules,"Existing native form, action and behavior retained; navigation relocated",bundle-browser; settings-browser
F06.02,Capabilities > App bundles,app-bundles,Show role and source URI,Unified bundle composition,Composition order preserved; Standalone alias is distinct from composed behavior; Registered sources do not establish live loaded modules,"Existing native form, action and behavior retained; navigation relocated",bundle-browser; settings-browser
F06.03,Capabilities > App bundles,app-bundles,Refresh,Unified bundle composition,Composition order preserved; Standalone alias is distinct from composed behavior; Registered sources do not establish live loaded modules,"Existing native form, action and behavior retained; navigation relocated",bundle-browser; settings-browser
F06.04,Capabilities > App bundles,app-bundles,Filter and clear list,Unified bundle composition,Composition order preserved; Standalone alias is distinct from composed behavior; Registered sources do not establish live loaded modules,"Existing native form, action and behavior retained; navigation relocated",bundle-browser; settings-browser
F06.05,Capabilities > App bundles,app-bundles,Enable or disable entries,Unified bundle composition,Composition order preserved; Standalone alias is distinct from composed behavior; Registered sources do not establish live loaded modules,"Existing native form, action and behavior retained; navigation relocated",bundle-browser; settings-browser
F06.06,Capabilities > App bundles,app-bundles,"Reorder composition by drag, keyboard or arrows",Unified bundle composition,Composition order preserved; Standalone alias is distinct from composed behavior; Registered sources do not establish live loaded modules,"Existing native form, action and behavior retained; navigation relocated",bundle-browser; settings-browser
F06.07,Capabilities > App bundles,app-bundles,Remove entry,Unified bundle composition,Composition order preserved; Standalone alias is distinct from composed behavior; Registered sources do not establish live loaded modules,"Existing native form, action and behavior retained; navigation relocated",bundle-browser; settings-browser
F07.01,Capabilities > Add capabilities,add-bundles,Repository or bundle URL,Unified generic bundle discovery,Discovery inspects source metadata without executing it; Kind is a suggestion; user can choose role; No product-specific settings inferred from bundle contents,"Existing native form, action and behavior retained; navigation relocated",settings-browser
F07.02,Capabilities > Add capabilities,add-bundles,Browse source,Unified generic bundle discovery,Discovery inspects source metadata without executing it; Kind is a suggestion; user can choose role; No product-specific settings inferred from bundle contents,"Existing native form, action and behavior retained; navigation relocated",settings-browser
F07.03,Capabilities > Add capabilities,add-bundles,Progress and failure states,Unified generic bundle discovery,Discovery inspects source metadata without executing it; Kind is a suggestion; user can choose role; No product-specific settings inferred from bundle contents,"Existing native form, action and behavior retained; navigation relocated",settings-browser
F07.04,Capabilities > Add capabilities,add-bundles,Discovered count and revision,Unified generic bundle discovery,Discovery inspects source metadata without executing it; Kind is a suggestion; user can choose role; No product-specific settings inferred from bundle contents,"Existing native form, action and behavior retained; navigation relocated",settings-browser
F07.05,Capabilities > Add capabilities,add-bundles,Filter discovered candidates,Unified generic bundle discovery,Discovery inspects source metadata without executing it; Kind is a suggestion; user can choose role; No product-specific settings inferred from bundle contents,"Existing native form, action and behavior retained; navigation relocated",settings-browser
F07.06,Capabilities > Add capabilities,add-bundles,"Candidate name, path, description and kind",Unified generic bundle discovery,Discovery inspects source metadata without executing it; Kind is a suggestion; user can choose role; No product-specific settings inferred from bundle contents,"Existing native form, action and behavior retained; navigation relocated",settings-browser
F07.07,Capabilities > Add capabilities,add-bundles,Select candidate,Unified generic bundle discovery,Discovery inspects source metadata without executing it; Kind is a suggestion; user can choose role; No product-specific settings inferred from bundle contents,"Existing native form, action and behavior retained; navigation relocated",settings-browser
F07.08,Capabilities > Add capabilities,add-bundles,Choose composed capability or standalone alias,Unified generic bundle discovery,Discovery inspects source metadata without executing it; Kind is a suggestion; user can choose role; No product-specific settings inferred from bundle contents,"Existing native form, action and behavior retained; navigation relocated",settings-browser
F07.09,Capabilities > Add capabilities,add-bundles,Display name or required standalone alias,Unified generic bundle discovery,Discovery inspects source metadata without executing it; Kind is a suggestion; user can choose role; No product-specific settings inferred from bundle contents,"Existing native form, action and behavior retained; navigation relocated",settings-browser
F07.10,Capabilities > Add capabilities,add-bundles,Add capability or register bundle,Unified generic bundle discovery,Discovery inspects source metadata without executing it; Kind is a suggestion; user can choose role; No product-specific settings inferred from bundle contents,"Existing native form, action and behavior retained; navigation relocated",settings-browser
F08.01,Setup > Conversation defaults > Bundle,defaults,"App, private workspace and shared Amplifier scopes",Unified defaults,"Workspace beats app, then shared default; Clearing an override preserves inherited values; Existing conversations keep their own bundle","Existing native form, action and behavior retained; navigation relocated",bundle-browser
F08.02,Setup > Conversation defaults > Bundle,defaults,Registered bundle picker,Unified defaults,"Workspace beats app, then shared default; Clearing an override preserves inherited values; Existing conversations keep their own bundle","Existing native form, action and behavior retained; navigation relocated",bundle-browser
F08.03,Setup > Conversation defaults > Bundle,defaults,Bundle description,Unified defaults,"Workspace beats app, then shared default; Clearing an override preserves inherited values; Existing conversations keep their own bundle","Existing native form, action and behavior retained; navigation relocated",bundle-browser
F08.04,Setup > Conversation defaults > Bundle,defaults,Custom source or file input,Unified defaults,"Workspace beats app, then shared default; Clearing an override preserves inherited values; Existing conversations keep their own bundle","Existing native form, action and behavior retained; navigation relocated",bundle-browser
F08.05,Setup > Conversation defaults > Bundle,defaults,Browse location,Unified defaults,"Workspace beats app, then shared default; Clearing an override preserves inherited values; Existing conversations keep their own bundle","Existing native form, action and behavior retained; navigation relocated",bundle-browser
F08.06,Setup > Conversation defaults > Bundle,defaults,Save default,Unified defaults,"Workspace beats app, then shared default; Clearing an override preserves inherited values; Existing conversations keep their own bundle","Existing native form, action and behavior retained; navigation relocated",bundle-browser
F08.07,Setup > Conversation defaults > Bundle,defaults,Use inherited default,Unified defaults,"Workspace beats app, then shared default; Clearing an override preserves inherited values; Existing conversations keep their own bundle","Existing native form, action and behavior retained; navigation relocated",bundle-browser
F08.08,Setup > Conversation defaults > Bundle,defaults,Effective bundle and source explanation,Unified defaults,"Workspace beats app, then shared default; Clearing an override preserves inherited values; Existing conversations keep their own bundle","Existing native form, action and behavior retained; navigation relocated",bundle-browser
F08.09,Setup > Conversation defaults > Bundle,defaults,Workspace inherited-project default,Unified defaults,"Workspace beats app, then shared default; Clearing an override preserves inherited values; Existing conversations keep their own bundle","Existing native form, action and behavior retained; navigation relocated",bundle-browser
F09.01,Setup / Capabilities > Loaded session modules,loaded-modules,No-conversation state,Generic mounted-module contract,Do not disable required context or orchestrator; At least one provider required by backend; Queued edits preserve conversation history; Keep raw plan fields not represented by ordinary controls; No arbitrary module-specific pages,"Existing native form, action and behavior retained; navigation relocated",settings-browser; test_management.py; test_shared_runtime_config.py
F09.02,Setup / Capabilities > Loaded session modules,loaded-modules,Load or refresh composed mount plan,Generic mounted-module contract,Do not disable required context or orchestrator; At least one provider required by backend; Queued edits preserve conversation history; Keep raw plan fields not represented by ordinary controls; No arbitrary module-specific pages,"Existing native form, action and behavior retained; navigation relocated",settings-browser; test_management.py; test_shared_runtime_config.py
F09.03,Setup / Capabilities > Loaded session modules,loaded-modules,Current root bundle,Generic mounted-module contract,Do not disable required context or orchestrator; At least one provider required by backend; Queued edits preserve conversation history; Keep raw plan fields not represented by ordinary controls; No arbitrary module-specific pages,"Existing native form, action and behavior retained; navigation relocated",settings-browser; test_management.py; test_shared_runtime_config.py
F09.04,Setup / Capabilities > Loaded session modules,loaded-modules,Filter modules,Generic mounted-module contract,Do not disable required context or orchestrator; At least one provider required by backend; Queued edits preserve conversation history; Keep raw plan fields not represented by ordinary controls; No arbitrary module-specific pages,"Existing native form, action and behavior retained; navigation relocated",settings-browser; test_management.py; test_shared_runtime_config.py
F09.05,Setup / Capabilities > Loaded session modules,loaded-modules,"Every tool, hook and provider instance",Generic mounted-module contract,Do not disable required context or orchestrator; At least one provider required by backend; Queued edits preserve conversation history; Keep raw plan fields not represented by ordinary controls; No arbitrary module-specific pages,"Existing native form, action and behavior retained; navigation relocated",settings-browser; test_management.py; test_shared_runtime_config.py
F09.06,Setup / Capabilities > Loaded session modules,loaded-modules,Required orchestrator and context,Generic mounted-module contract,Do not disable required context or orchestrator; At least one provider required by backend; Queued edits preserve conversation history; Keep raw plan fields not represented by ordinary controls; No arbitrary module-specific pages,"Existing native form, action and behavior retained; navigation relocated",settings-browser; test_management.py; test_shared_runtime_config.py
F09.07,Setup / Capabilities > Loaded session modules,loaded-modules,Enabled switches,Generic mounted-module contract,Do not disable required context or orchestrator; At least one provider required by backend; Queued edits preserve conversation history; Keep raw plan fields not represented by ordinary controls; No arbitrary module-specific pages,"Existing native form, action and behavior retained; navigation relocated",settings-browser; test_management.py; test_shared_runtime_config.py
F09.08,Setup / Capabilities > Loaded session modules,loaded-modules,Select module and display source,Generic mounted-module contract,Do not disable required context or orchestrator; At least one provider required by backend; Queued edits preserve conversation history; Keep raw plan fields not represented by ordinary controls; No arbitrary module-specific pages,"Existing native form, action and behavior retained; navigation relocated",settings-browser; test_management.py; test_shared_runtime_config.py
F09.09,Setup / Capabilities > Loaded session modules,loaded-modules,"Generic scalar, boolean and numeric config fields",Generic mounted-module contract,Do not disable required context or orchestrator; At least one provider required by backend; Queued edits preserve conversation history; Keep raw plan fields not represented by ordinary controls; No arbitrary module-specific pages,"Existing native form, action and behavior retained; navigation relocated",settings-browser; test_management.py; test_shared_runtime_config.py
F09.10,Setup / Capabilities > Loaded session modules,loaded-modules,Structured-value summary,Generic mounted-module contract,Do not disable required context or orchestrator; At least one provider required by backend; Queued edits preserve conversation history; Keep raw plan fields not represented by ordinary controls; No arbitrary module-specific pages,"Existing native form, action and behavior retained; navigation relocated",settings-browser; test_management.py; test_shared_runtime_config.py
F09.11,Setup / Capabilities > Loaded session modules,loaded-modules,Credential-preserved indicator,Generic mounted-module contract,Do not disable required context or orchestrator; At least one provider required by backend; Queued edits preserve conversation history; Keep raw plan fields not represented by ordinary controls; No arbitrary module-specific pages,"Existing native form, action and behavior retained; navigation relocated",settings-browser; test_management.py; test_shared_runtime_config.py
F09.12,Setup / Capabilities > Loaded session modules,loaded-modules,Advanced per-module JSON,Generic mounted-module contract,Do not disable required context or orchestrator; At least one provider required by backend; Queued edits preserve conversation history; Keep raw plan fields not represented by ordinary controls; No arbitrary module-specific pages,"Existing native form, action and behavior retained; navigation relocated",settings-browser; test_management.py; test_shared_runtime_config.py
F09.13,Setup / Capabilities > Loaded session modules,loaded-modules,Update module draft from JSON,Generic mounted-module contract,Do not disable required context or orchestrator; At least one provider required by backend; Queued edits preserve conversation history; Keep raw plan fields not represented by ordinary controls; No arbitrary module-specific pages,"Existing native form, action and behavior retained; navigation relocated",settings-browser; test_management.py; test_shared_runtime_config.py
F09.14,Setup / Capabilities > Loaded session modules,loaded-modules,Full composed-plan JSON,Generic mounted-module contract,Do not disable required context or orchestrator; At least one provider required by backend; Queued edits preserve conversation history; Keep raw plan fields not represented by ordinary controls; No arbitrary module-specific pages,"Existing native form, action and behavior retained; navigation relocated",settings-browser; test_management.py; test_shared_runtime_config.py
F09.15,Setup / Capabilities > Loaded session modules,loaded-modules,Parse and validation errors,Generic mounted-module contract,Do not disable required context or orchestrator; At least one provider required by backend; Queued edits preserve conversation history; Keep raw plan fields not represented by ordinary controls; No arbitrary module-specific pages,"Existing native form, action and behavior retained; navigation relocated",settings-browser; test_management.py; test_shared_runtime_config.py
F09.16,Setup / Capabilities > Loaded session modules,loaded-modules,Apply to loaded session,Generic mounted-module contract,Do not disable required context or orchestrator; At least one provider required by backend; Queued edits preserve conversation history; Keep raw plan fields not represented by ordinary controls; No arbitrary module-specific pages,"Existing native form, action and behavior retained; navigation relocated",settings-browser; test_management.py; test_shared_runtime_config.py
F09.17,Setup / Capabilities > Loaded session modules,loaded-modules,Apply when idle,Generic mounted-module contract,Do not disable required context or orchestrator; At least one provider required by backend; Queued edits preserve conversation history; Keep raw plan fields not represented by ordinary controls; No arbitrary module-specific pages,"Existing native form, action and behavior retained; navigation relocated",settings-browser; test_management.py; test_shared_runtime_config.py
F09.18,Setup / Capabilities > Loaded session modules,loaded-modules,Revert draft,Generic mounted-module contract,Do not disable required context or orchestrator; At least one provider required by backend; Queued edits preserve conversation history; Keep raw plan fields not represented by ordinary controls; No arbitrary module-specific pages,"Existing native form, action and behavior retained; navigation relocated",settings-browser; test_management.py; test_shared_runtime_config.py
F09.19,Setup / Capabilities > Loaded session modules,loaded-modules,Dirty/saved indicator,Generic mounted-module contract,Do not disable required context or orchestrator; At least one provider required by backend; Queued edits preserve conversation history; Keep raw plan fields not represented by ordinary controls; No arbitrary module-specific pages,"Existing native form, action and behavior retained; navigation relocated",settings-browser; test_management.py; test_shared_runtime_config.py
F09.20,Setup / Capabilities > Loaded session modules,loaded-modules,Queued/applying/success/error outcomes,Generic mounted-module contract,Do not disable required context or orchestrator; At least one provider required by backend; Queued edits preserve conversation history; Keep raw plan fields not represented by ordinary controls; No arbitrary module-specific pages,"Existing native form, action and behavior retained; navigation relocated",settings-browser; test_management.py; test_shared_runtime_config.py
F09.21,Setup / Capabilities > Loaded session modules,loaded-modules,Cancel queued change,Generic mounted-module contract,Do not disable required context or orchestrator; At least one provider required by backend; Queued edits preserve conversation history; Keep raw plan fields not represented by ordinary controls; No arbitrary module-specific pages,"Existing native form, action and behavior retained; navigation relocated",settings-browser; test_management.py; test_shared_runtime_config.py
F09.22,Setup / Capabilities > Loaded session modules,loaded-modules,Save applied configuration as custom bundle with name and description,Generic mounted-module contract,Do not disable required context or orchestrator; At least one provider required by backend; Queued edits preserve conversation history; Keep raw plan fields not represented by ordinary controls; No arbitrary module-specific pages,"Existing native form, action and behavior retained; navigation relocated",settings-browser; test_management.py; test_shared_runtime_config.py
F10.01,Capabilities > Save and share,share-bundle,Bundle name,Unified portable export,Exports include references/configuration and portable resources; Credentials excluded; Requires a selected prepared conversation,"Existing native form, action and behavior retained; navigation relocated",test_bundles*
F10.02,Capabilities > Save and share,share-bundle,Description,Unified portable export,Exports include references/configuration and portable resources; Credentials excluded; Requires a selected prepared conversation,"Existing native form, action and behavior retained; navigation relocated",test_bundles*
F10.03,Capabilities > Save and share,share-bundle,Export applied app bundle,Unified portable export,Exports include references/configuration and portable resources; Credentials excluded; Requires a selected prepared conversation,"Existing native form, action and behavior retained; navigation relocated",test_bundles*
F11.01,Capabilities > Smart Tools,smart-tools,Browse catalog,Unified catalog and MCP host,Installation and connection remain separate; No model credentials configured implicitly; Only model-visible tools shown; Tool-specific meanings come from manifest/schema; Custom repository and generic MCP paths remain available,"Existing native form, action and behavior retained; navigation relocated",settings-completeness-browser; smart-tools-browser; test_smart_tools.py
F11.02,Capabilities > Smart Tools,smart-tools,"Catalog refresh, progress, retry and empty state",Unified catalog and MCP host,Installation and connection remain separate; No model credentials configured implicitly; Only model-visible tools shown; Tool-specific meanings come from manifest/schema; Custom repository and generic MCP paths remain available,"Existing native form, action and behavior retained; navigation relocated",settings-completeness-browser; smart-tools-browser; test_smart_tools.py
F11.03,Capabilities > Smart Tools,smart-tools,Filter catalog,Unified catalog and MCP host,Installation and connection remain separate; No model credentials configured implicitly; Only model-visible tools shown; Tool-specific meanings come from manifest/schema; Custom repository and generic MCP paths remain available,"Existing native form, action and behavior retained; navigation relocated",settings-completeness-browser; smart-tools-browser; test_smart_tools.py
F11.04,Capabilities > Smart Tools,smart-tools,All current catalog entries and descriptions,Unified catalog and MCP host,Installation and connection remain separate; No model credentials configured implicitly; Only model-visible tools shown; Tool-specific meanings come from manifest/schema; Custom repository and generic MCP paths remain available,"Existing native form, action and behavior retained; navigation relocated",settings-completeness-browser; smart-tools-browser; test_smart_tools.py
F11.05,Capabilities > Smart Tools,smart-tools,Choose catalog entry and inspect its source,Unified catalog and MCP host,Installation and connection remain separate; No model credentials configured implicitly; Only model-visible tools shown; Tool-specific meanings come from manifest/schema; Custom repository and generic MCP paths remain available,"Existing native form, action and behavior retained; navigation relocated",settings-completeness-browser; smart-tools-browser; test_smart_tools.py
F11.06,Capabilities > Smart Tools,smart-tools,Add from Git,Unified catalog and MCP host,Installation and connection remain separate; No model credentials configured implicitly; Only model-visible tools shown; Tool-specific meanings come from manifest/schema; Custom repository and generic MCP paths remain available,"Existing native form, action and behavior retained; navigation relocated",settings-completeness-browser; smart-tools-browser; test_smart_tools.py
F11.07,Capabilities > Smart Tools,smart-tools,"Repository, optional ref and package path",Unified catalog and MCP host,Installation and connection remain separate; No model credentials configured implicitly; Only model-visible tools shown; Tool-specific meanings come from manifest/schema; Custom repository and generic MCP paths remain available,"Existing native form, action and behavior retained; navigation relocated",settings-completeness-browser; smart-tools-browser; test_smart_tools.py
F11.08,Capabilities > Smart Tools,smart-tools,"Inspect manifest, revision, version and author requirements",Unified catalog and MCP host,Installation and connection remain separate; No model credentials configured implicitly; Only model-visible tools shown; Tool-specific meanings come from manifest/schema; Custom repository and generic MCP paths remain available,"Existing native form, action and behavior retained; navigation relocated",settings-completeness-browser; smart-tools-browser; test_smart_tools.py
F11.09,Capabilities > Smart Tools,smart-tools,Optional package extras,Unified catalog and MCP host,Installation and connection remain separate; No model credentials configured implicitly; Only model-visible tools shown; Tool-specific meanings come from manifest/schema; Custom repository and generic MCP paths remain available,"Existing native form, action and behavior retained; navigation relocated",settings-completeness-browser; smart-tools-browser; test_smart_tools.py
F11.10,Capabilities > Smart Tools,smart-tools,Install package or another source revision,Unified catalog and MCP host,Installation and connection remain separate; No model credentials configured implicitly; Only model-visible tools shown; Tool-specific meanings come from manifest/schema; Custom repository and generic MCP paths remain available,"Existing native form, action and behavior retained; navigation relocated",settings-completeness-browser; smart-tools-browser; test_smart_tools.py
F11.11,Capabilities > Smart Tools,smart-tools,Installation progress/failure/result,Unified catalog and MCP host,Installation and connection remain separate; No model credentials configured implicitly; Only model-visible tools shown; Tool-specific meanings come from manifest/schema; Custom repository and generic MCP paths remain available,"Existing native form, action and behavior retained; navigation relocated",settings-completeness-browser; smart-tools-browser; test_smart_tools.py
F11.12,Capabilities > Smart Tools,smart-tools,Installed executable folder and next-step guidance,Unified catalog and MCP host,Installation and connection remain separate; No model credentials configured implicitly; Only model-visible tools shown; Tool-specific meanings come from manifest/schema; Custom repository and generic MCP paths remain available,"Existing native form, action and behavior retained; navigation relocated",settings-completeness-browser; smart-tools-browser; test_smart_tools.py
F11.13,Capabilities > Smart Tools,smart-tools,Configure MCP connection after installation,Unified catalog and MCP host,Installation and connection remain separate; No model credentials configured implicitly; Only model-visible tools shown; Tool-specific meanings come from manifest/schema; Custom repository and generic MCP paths remain available,"Existing native form, action and behavior retained; navigation relocated",settings-completeness-browser; smart-tools-browser; test_smart_tools.py
F11.14,Capabilities > Smart Tools,smart-tools,Add MCP connection directly,Unified catalog and MCP host,Installation and connection remain separate; No model credentials configured implicitly; Only model-visible tools shown; Tool-specific meanings come from manifest/schema; Custom repository and generic MCP paths remain available,"Existing native form, action and behavior retained; navigation relocated",settings-completeness-browser; smart-tools-browser; test_smart_tools.py
F11.15,Capabilities > Smart Tools,smart-tools,"Connection name, executable and newline-separated arguments",Unified catalog and MCP host,Installation and connection remain separate; No model credentials configured implicitly; Only model-visible tools shown; Tool-specific meanings come from manifest/schema; Custom repository and generic MCP paths remain available,"Existing native form, action and behavior retained; navigation relocated",settings-completeness-browser; smart-tools-browser; test_smart_tools.py
F11.16,Capabilities > Smart Tools,smart-tools,Optional working folder and folder picker,Unified catalog and MCP host,Installation and connection remain separate; No model credentials configured implicitly; Only model-visible tools shown; Tool-specific meanings come from manifest/schema; Custom repository and generic MCP paths remain available,"Existing native form, action and behavior retained; navigation relocated",settings-completeness-browser; smart-tools-browser; test_smart_tools.py
F11.17,Capabilities > Smart Tools,smart-tools,Environment variable references with validation,Unified catalog and MCP host,Installation and connection remain separate; No model credentials configured implicitly; Only model-visible tools shown; Tool-specific meanings come from manifest/schema; Custom repository and generic MCP paths remain available,"Existing native form, action and behavior retained; navigation relocated",settings-completeness-browser; smart-tools-browser; test_smart_tools.py
F11.18,Capabilities > Smart Tools,smart-tools,Save connection and return to connection list,Unified catalog and MCP host,Installation and connection remain separate; No model credentials configured implicitly; Only model-visible tools shown; Tool-specific meanings come from manifest/schema; Custom repository and generic MCP paths remain available,"Existing native form, action and behavior retained; navigation relocated",settings-completeness-browser; smart-tools-browser; test_smart_tools.py
F11.19,Capabilities > Smart Tools,smart-tools,Configured and ready counts,Unified catalog and MCP host,Installation and connection remain separate; No model credentials configured implicitly; Only model-visible tools shown; Tool-specific meanings come from manifest/schema; Custom repository and generic MCP paths remain available,"Existing native form, action and behavior retained; navigation relocated",settings-completeness-browser; smart-tools-browser; test_smart_tools.py
F11.20,Capabilities > Smart Tools,smart-tools,Connection filter,Unified catalog and MCP host,Installation and connection remain separate; No model credentials configured implicitly; Only model-visible tools shown; Tool-specific meanings come from manifest/schema; Custom repository and generic MCP paths remain available,"Existing native form, action and behavior retained; navigation relocated",settings-completeness-browser; smart-tools-browser; test_smart_tools.py
F11.21,Capabilities > Smart Tools,smart-tools,Installed-package inventory and source detail,Unified catalog and MCP host,Installation and connection remain separate; No model credentials configured implicitly; Only model-visible tools shown; Tool-specific meanings come from manifest/schema; Custom repository and generic MCP paths remain available,"Existing native form, action and behavior retained; navigation relocated",settings-completeness-browser; smart-tools-browser; test_smart_tools.py
F11.22,Capabilities > Smart Tools,smart-tools,"Select connection; status, errors, advertised tools and canvas availability",Unified catalog and MCP host,Installation and connection remain separate; No model credentials configured implicitly; Only model-visible tools shown; Tool-specific meanings come from manifest/schema; Custom repository and generic MCP paths remain available,"Existing native form, action and behavior retained; navigation relocated",settings-completeness-browser; smart-tools-browser; test_smart_tools.py
F11.23,Capabilities > Smart Tools,smart-tools,Edit connection,Unified catalog and MCP host,Installation and connection remain separate; No model credentials configured implicitly; Only model-visible tools shown; Tool-specific meanings come from manifest/schema; Custom repository and generic MCP paths remain available,"Existing native form, action and behavior retained; navigation relocated",settings-completeness-browser; smart-tools-browser; test_smart_tools.py
F11.24,Capabilities > Smart Tools,smart-tools,Connect and disconnect,Unified catalog and MCP host,Installation and connection remain separate; No model credentials configured implicitly; Only model-visible tools shown; Tool-specific meanings come from manifest/schema; Custom repository and generic MCP paths remain available,"Existing native form, action and behavior retained; navigation relocated",settings-completeness-browser; smart-tools-browser; test_smart_tools.py
F11.25,Capabilities > Smart Tools,smart-tools,Remove connection while preserving package/tool data,Unified catalog and MCP host,Installation and connection remain separate; No model credentials configured implicitly; Only model-visible tools shown; Tool-specific meanings come from manifest/schema; Custom repository and generic MCP paths remain available,"Existing native form, action and behavior retained; navigation relocated",settings-completeness-browser; smart-tools-browser; test_smart_tools.py
F11.26,Capabilities > Smart Tools,smart-tools,Filter advertised tools,Unified catalog and MCP host,Installation and connection remain separate; No model credentials configured implicitly; Only model-visible tools shown; Tool-specific meanings come from manifest/schema; Custom repository and generic MCP paths remain available,"Existing native form, action and behavior retained; navigation relocated",settings-completeness-browser; smart-tools-browser; test_smart_tools.py
F11.27,Capabilities > Smart Tools,smart-tools,Open tool detail,Unified catalog and MCP host,Installation and connection remain separate; No model credentials configured implicitly; Only model-visible tools shown; Tool-specific meanings come from manifest/schema; Custom repository and generic MCP paths remain available,"Existing native form, action and behavior retained; navigation relocated",settings-completeness-browser; smart-tools-browser; test_smart_tools.py
F11.28,Capabilities > Smart Tools,smart-tools,"Schema fields: required text, enums, boolean, integer, number, objects, arrays and complex types",Unified catalog and MCP host,Installation and connection remain separate; No model credentials configured implicitly; Only model-visible tools shown; Tool-specific meanings come from manifest/schema; Custom repository and generic MCP paths remain available,"Existing native form, action and behavior retained; navigation relocated",settings-completeness-browser; smart-tools-browser; test_smart_tools.py
F11.29,Capabilities > Smart Tools,smart-tools,Switch form arguments to JSON and back without dropping extra properties,Unified catalog and MCP host,Installation and connection remain separate; No model credentials configured implicitly; Only model-visible tools shown; Tool-specific meanings come from manifest/schema; Custom repository and generic MCP paths remain available,"Existing native form, action and behavior retained; navigation relocated",settings-completeness-browser; smart-tools-browser; test_smart_tools.py
F11.30,Capabilities > Smart Tools,smart-tools,Validate arguments,Unified catalog and MCP host,Installation and connection remain separate; No model credentials configured implicitly; Only model-visible tools shown; Tool-specific meanings come from manifest/schema; Custom repository and generic MCP paths remain available,"Existing native form, action and behavior retained; navigation relocated",settings-completeness-browser; smart-tools-browser; test_smart_tools.py
F11.31,Capabilities > Smart Tools,smart-tools,Run tool,Unified catalog and MCP host,Installation and connection remain separate; No model credentials configured implicitly; Only model-visible tools shown; Tool-specific meanings come from manifest/schema; Custom repository and generic MCP paths remain available,"Existing native form, action and behavior retained; navigation relocated",settings-completeness-browser; smart-tools-browser; test_smart_tools.py
F11.32,Capabilities > Smart Tools,smart-tools,Open interactive canvas view,Unified catalog and MCP host,Installation and connection remain separate; No model credentials configured implicitly; Only model-visible tools shown; Tool-specific meanings come from manifest/schema; Custom repository and generic MCP paths remain available,"Existing native form, action and behavior retained; navigation relocated",settings-completeness-browser; smart-tools-browser; test_smart_tools.py
F11.33,Capabilities > Smart Tools,smart-tools,Running/interrupted/failed/success statuses,Unified catalog and MCP host,Installation and connection remain separate; No model credentials configured implicitly; Only model-visible tools shown; Tool-specific meanings come from manifest/schema; Custom repository and generic MCP paths remain available,"Existing native form, action and behavior retained; navigation relocated",settings-completeness-browser; smart-tools-browser; test_smart_tools.py
F11.34,Capabilities > Smart Tools,smart-tools,"Result preview, truncation and saved-resource reference",Unified catalog and MCP host,Installation and connection remain separate; No model credentials configured implicitly; Only model-visible tools shown; Tool-specific meanings come from manifest/schema; Custom repository and generic MCP paths remain available,"Existing native form, action and behavior retained; navigation relocated",settings-completeness-browser; smart-tools-browser; test_smart_tools.py
F11.35,Capabilities > Smart Tools,smart-tools,Missing connection and missing tool states,Unified catalog and MCP host,Installation and connection remain separate; No model credentials configured implicitly; Only model-visible tools shown; Tool-specific meanings come from manifest/schema; Custom repository and generic MCP paths remain available,"Existing native form, action and behavior retained; navigation relocated",settings-completeness-browser; smart-tools-browser; test_smart_tools.py
F12.01,Maintenance > Updates,updates,Installed and published app versions,Unified updater,"App update precedes ecosystem update and may restart host; Work, tools and calls gate activation; Disabling auto-check also disables auto-install; Pins and local edits preserved; Unknown usage does not authorize deleting cached sources; Historical failures distinguished from current health","Existing native form, action and behavior retained; navigation relocated",settings-browser; cache-usage-browser
F12.02,Maintenance > Updates,updates,"App status, staged/restarting/uncertain/failed/ahead-of-release states",Unified updater,"App update precedes ecosystem update and may restart host; Work, tools and calls gate activation; Disabling auto-check also disables auto-install; Pins and local edits preserved; Unknown usage does not authorize deleting cached sources; Historical failures distinguished from current health","Existing native form, action and behavior retained; navigation relocated",settings-browser; cache-usage-browser
F12.03,Maintenance > Updates,updates,High-impact release notices,Unified updater,"App update precedes ecosystem update and may restart host; Work, tools and calls gate activation; Disabling auto-check also disables auto-install; Pins and local edits preserved; Unknown usage does not authorize deleting cached sources; Historical failures distinguished from current health","Existing native form, action and behavior retained; navigation relocated",settings-browser; cache-usage-browser
F12.04,Maintenance > Updates,updates,Mark notice reviewed,Unified updater,"App update precedes ecosystem update and may restart host; Work, tools and calls gate activation; Disabling auto-check also disables auto-install; Pins and local edits preserved; Unknown usage does not authorize deleting cached sources; Historical failures distinguished from current health","Existing native form, action and behavior retained; navigation relocated",settings-browser; cache-usage-browser
F12.05,Maintenance > Updates,updates,Release changelog and expandable historical notes,Unified updater,"App update precedes ecosystem update and may restart host; Work, tools and calls gate activation; Disabling auto-check also disables auto-install; Pins and local edits preserved; Unknown usage does not authorize deleting cached sources; Historical failures distinguished from current health","Existing native form, action and behavior retained; navigation relocated",settings-browser; cache-usage-browser
F12.06,Maintenance > Updates,updates,Published-release fallback link,Unified updater,"App update precedes ecosystem update and may restart host; Work, tools and calls gate activation; Disabling auto-check also disables auto-install; Pins and local edits preserved; Unknown usage does not authorize deleting cached sources; Historical failures distinguished from current health","Existing native form, action and behavior retained; navigation relocated",settings-browser; cache-usage-browser
F12.07,Maintenance > Updates,updates,Available ecosystem updates,Unified updater,"App update precedes ecosystem update and may restart host; Work, tools and calls gate activation; Disabling auto-check also disables auto-install; Pins and local edits preserved; Unknown usage does not authorize deleting cached sources; Historical failures distinguished from current health","Existing native form, action and behavior retained; navigation relocated",settings-browser; cache-usage-browser
F12.08,Maintenance > Updates,updates,Configured-source issues,Unified updater,"App update precedes ecosystem update and may restart host; Work, tools and calls gate activation; Disabling auto-check also disables auto-install; Pins and local edits preserved; Unknown usage does not authorize deleting cached sources; Historical failures distinguished from current health","Existing native form, action and behavior retained; navigation relocated",settings-browser; cache-usage-browser
F12.09,Maintenance > Updates,updates,Other cached sources with unknown usage,Unified updater,"App update precedes ecosystem update and may restart host; Work, tools and calls gate activation; Disabling auto-check also disables auto-install; Pins and local edits preserved; Unknown usage does not authorize deleting cached sources; Historical failures distinguished from current health","Existing native form, action and behavior retained; navigation relocated",settings-browser; cache-usage-browser
F12.10,Maintenance > Updates,updates,Source ref/revisions/cache copy count and usage evidence,Unified updater,"App update precedes ecosystem update and may restart host; Work, tools and calls gate activation; Disabling auto-check also disables auto-install; Pins and local edits preserved; Unknown usage does not authorize deleting cached sources; Historical failures distinguished from current health","Existing native form, action and behavior retained; navigation relocated",settings-browser; cache-usage-browser
F12.11,Maintenance > Updates,updates,Source filtering,Unified updater,"App update precedes ecosystem update and may restart host; Work, tools and calls gate activation; Disabling auto-check also disables auto-install; Pins and local edits preserved; Unknown usage does not authorize deleting cached sources; Historical failures distinguished from current health","Existing native form, action and behavior retained; navigation relocated",settings-browser; cache-usage-browser
F12.12,Maintenance > Updates,updates,Check now,Unified updater,"App update precedes ecosystem update and may restart host; Work, tools and calls gate activation; Disabling auto-check also disables auto-install; Pins and local edits preserved; Unknown usage does not authorize deleting cached sources; Historical failures distinguished from current health","Existing native form, action and behavior retained; navigation relocated",settings-browser; cache-usage-browser
F12.13,Maintenance > Updates,updates,Install app or ecosystem updates,Unified updater,"App update precedes ecosystem update and may restart host; Work, tools and calls gate activation; Disabling auto-check also disables auto-install; Pins and local edits preserved; Unknown usage does not authorize deleting cached sources; Historical failures distinguished from current health","Existing native form, action and behavior retained; navigation relocated",settings-browser; cache-usage-browser
F12.14,Maintenance > Updates,updates,Staged activation action,Unified updater,"App update precedes ecosystem update and may restart host; Work, tools and calls gate activation; Disabling auto-check also disables auto-install; Pins and local edits preserved; Unknown usage does not authorize deleting cached sources; Historical failures distinguished from current health","Existing native form, action and behavior retained; navigation relocated",settings-browser; cache-usage-browser
F12.15,Maintenance > Updates,updates,Roll back ecosystem,Unified updater,"App update precedes ecosystem update and may restart host; Work, tools and calls gate activation; Disabling auto-check also disables auto-install; Pins and local edits preserved; Unknown usage does not authorize deleting cached sources; Historical failures distinguished from current health","Existing native form, action and behavior retained; navigation relocated",settings-browser; cache-usage-browser
F12.16,Maintenance > Updates,updates,"Progress, restart and failure messages",Unified updater,"App update precedes ecosystem update and may restart host; Work, tools and calls gate activation; Disabling auto-check also disables auto-install; Pins and local edits preserved; Unknown usage does not authorize deleting cached sources; Historical failures distinguished from current health","Existing native form, action and behavior retained; navigation relocated",settings-browser; cache-usage-browser
F12.17,Maintenance > Updates,updates,Last check time,Unified updater,"App update precedes ecosystem update and may restart host; Work, tools and calls gate activation; Disabling auto-check also disables auto-install; Pins and local edits preserved; Unknown usage does not authorize deleting cached sources; Historical failures distinguished from current health","Existing native form, action and behavior retained; navigation relocated",settings-browser; cache-usage-browser
F12.18,Maintenance > Updates,updates,Automatic check switch,Unified updater,"App update precedes ecosystem update and may restart host; Work, tools and calls gate activation; Disabling auto-check also disables auto-install; Pins and local edits preserved; Unknown usage does not authorize deleting cached sources; Historical failures distinguished from current health","Existing native form, action and behavior retained; navigation relocated",settings-browser; cache-usage-browser
F12.19,Maintenance > Updates,updates,Automatic eligible installation when idle,Unified updater,"App update precedes ecosystem update and may restart host; Work, tools and calls gate activation; Disabling auto-check also disables auto-install; Pins and local edits preserved; Unknown usage does not authorize deleting cached sources; Historical failures distinguished from current health","Existing native form, action and behavior retained; navigation relocated",settings-browser; cache-usage-browser
F12.20,Maintenance > Updates,updates,"Hourly, six-hour, daily, weekly frequency",Unified updater,"App update precedes ecosystem update and may restart host; Work, tools and calls gate activation; Disabling auto-check also disables auto-install; Pins and local edits preserved; Unknown usage does not authorize deleting cached sources; Historical failures distinguished from current health","Existing native form, action and behavior retained; navigation relocated",settings-browser; cache-usage-browser
F12.21,Maintenance > Updates,updates,Show/hide full source inventory,Unified updater,"App update precedes ecosystem update and may restart host; Work, tools and calls gate activation; Disabling auto-check also disables auto-install; Pins and local edits preserved; Unknown usage does not authorize deleting cached sources; Historical failures distinguished from current health","Existing native form, action and behavior retained; navigation relocated",settings-browser; cache-usage-browser
F12.22,Maintenance > Updates,updates,Update details expand/collapse,Unified updater,"App update precedes ecosystem update and may restart host; Work, tools and calls gate activation; Disabling auto-check also disables auto-install; Pins and local edits preserved; Unknown usage does not authorize deleting cached sources; Historical failures distinguished from current health","Existing native form, action and behavior retained; navigation relocated",settings-browser; cache-usage-browser
F12.23,Maintenance > Updates,updates,First and latest failure plus reconciled historical failure,Unified updater,"App update precedes ecosystem update and may restart host; Work, tools and calls gate activation; Disabling auto-check also disables auto-install; Pins and local edits preserved; Unknown usage does not authorize deleting cached sources; Historical failures distinguished from current health","Existing native form, action and behavior retained; navigation relocated",settings-browser; cache-usage-browser
F12.24,Maintenance > Updates,updates,Phase timeline,Unified updater,"App update precedes ecosystem update and may restart host; Work, tools and calls gate activation; Disabling auto-check also disables auto-install; Pins and local edits preserved; Unknown usage does not authorize deleting cached sources; Historical failures distinguished from current health","Existing native form, action and behavior retained; navigation relocated",settings-browser; cache-usage-browser
F12.25,Maintenance > Updates,updates,Sanitized copyable receipt,Unified updater,"App update precedes ecosystem update and may restart host; Work, tools and calls gate activation; Disabling auto-check also disables auto-install; Pins and local edits preserved; Unknown usage does not authorize deleting cached sources; Historical failures distinguished from current health","Existing native form, action and behavior retained; navigation relocated",settings-browser; cache-usage-browser
F13.01,Maintenance > Diagnostics & Context Intelligence,diagnostics,Capture/index/forwarding master switch,Unified app diagnostics through an explicit client dependency,"Controls apply to Unified index/forwarding, not arbitrary bundle exporters; Maximum ten destinations; Remote HTTPS; localhost HTTP exception; Only captured streams eligible for forwarding; Save before test; test sends synthetic event in real app; No automatic historical upload; Changed destination cancels old pending deliveries; Environment names instead of key values","Existing native form, action and behavior retained; navigation relocated",test_diagnostics*
F13.02,Maintenance > Diagnostics & Context Intelligence,diagnostics,Each existing stream including optional conversation content,Unified app diagnostics through an explicit client dependency,"Controls apply to Unified index/forwarding, not arbitrary bundle exporters; Maximum ten destinations; Remote HTTPS; localhost HTTP exception; Only captured streams eligible for forwarding; Save before test; test sends synthetic event in real app; No automatic historical upload; Changed destination cancels old pending deliveries; Environment names instead of key values","Existing native form, action and behavior retained; navigation relocated",test_diagnostics*
F13.03,Maintenance > Diagnostics & Context Intelligence,diagnostics,Index retention days and maximum record count,Unified app diagnostics through an explicit client dependency,"Controls apply to Unified index/forwarding, not arbitrary bundle exporters; Maximum ten destinations; Remote HTTPS; localhost HTTP exception; Only captured streams eligible for forwarding; Save before test; test sends synthetic event in real app; No automatic historical upload; Changed destination cancels old pending deliveries; Environment names instead of key values","Existing native form, action and behavior retained; navigation relocated",test_diagnostics*
F13.04,Maintenance > Diagnostics & Context Intelligence,diagnostics,Indexed/dropped/outbox/expired counters,Unified app diagnostics through an explicit client dependency,"Controls apply to Unified index/forwarding, not arbitrary bundle exporters; Maximum ten destinations; Remote HTTPS; localhost HTTP exception; Only captured streams eligible for forwarding; Save before test; test sends synthetic event in real app; No automatic historical upload; Changed destination cancels old pending deliveries; Environment names instead of key values","Existing native form, action and behavior retained; navigation relocated",test_diagnostics*
F13.05,Maintenance > Diagnostics & Context Intelligence,diagnostics,Configuration/storage error states,Unified app diagnostics through an explicit client dependency,"Controls apply to Unified index/forwarding, not arbitrary bundle exporters; Maximum ten destinations; Remote HTTPS; localhost HTTP exception; Only captured streams eligible for forwarding; Save before test; test sends synthetic event in real app; No automatic historical upload; Changed destination cancels old pending deliveries; Environment names instead of key values","Existing native form, action and behavior retained; navigation relocated",test_diagnostics*
F13.06,Maintenance > Diagnostics & Context Intelligence,diagnostics,Save capture settings,Unified app diagnostics through an explicit client dependency,"Controls apply to Unified index/forwarding, not arbitrary bundle exporters; Maximum ten destinations; Remote HTTPS; localhost HTTP exception; Only captured streams eligible for forwarding; Save before test; test sends synthetic event in real app; No automatic historical upload; Changed destination cancels old pending deliveries; Environment names instead of key values","Existing native form, action and behavior retained; navigation relocated",test_diagnostics*
F13.07,Maintenance > Diagnostics & Context Intelligence,diagnostics,List destinations and delivery status,Unified app diagnostics through an explicit client dependency,"Controls apply to Unified index/forwarding, not arbitrary bundle exporters; Maximum ten destinations; Remote HTTPS; localhost HTTP exception; Only captured streams eligible for forwarding; Save before test; test sends synthetic event in real app; No automatic historical upload; Changed destination cancels old pending deliveries; Environment names instead of key values","Existing native form, action and behavior retained; navigation relocated",test_diagnostics*
F13.08,Maintenance > Diagnostics & Context Intelligence,diagnostics,Add server,Unified app diagnostics through an explicit client dependency,"Controls apply to Unified index/forwarding, not arbitrary bundle exporters; Maximum ten destinations; Remote HTTPS; localhost HTTP exception; Only captured streams eligible for forwarding; Save before test; test sends synthetic event in real app; No automatic historical upload; Changed destination cancels old pending deliveries; Environment names instead of key values","Existing native form, action and behavior retained; navigation relocated",test_diagnostics*
F13.09,Maintenance > Diagnostics & Context Intelligence,diagnostics,Select destination and return to all destinations,Unified app diagnostics through an explicit client dependency,"Controls apply to Unified index/forwarding, not arbitrary bundle exporters; Maximum ten destinations; Remote HTTPS; localhost HTTP exception; Only captured streams eligible for forwarding; Save before test; test sends synthetic event in real app; No automatic historical upload; Changed destination cancels old pending deliveries; Environment names instead of key values","Existing native form, action and behavior retained; navigation relocated",test_diagnostics*
F13.10,Maintenance > Diagnostics & Context Intelligence,diagnostics,Name and server URL,Unified app diagnostics through an explicit client dependency,"Controls apply to Unified index/forwarding, not arbitrary bundle exporters; Maximum ten destinations; Remote HTTPS; localhost HTTP exception; Only captured streams eligible for forwarding; Save before test; test sends synthetic event in real app; No automatic historical upload; Changed destination cancels old pending deliveries; Environment names instead of key values","Existing native form, action and behavior retained; navigation relocated",test_diagnostics*
F13.11,Maintenance > Diagnostics & Context Intelligence,diagnostics,Enable new selected record forwarding,Unified app diagnostics through an explicit client dependency,"Controls apply to Unified index/forwarding, not arbitrary bundle exporters; Maximum ten destinations; Remote HTTPS; localhost HTTP exception; Only captured streams eligible for forwarding; Save before test; test sends synthetic event in real app; No automatic historical upload; Changed destination cancels old pending deliveries; Environment names instead of key values","Existing native form, action and behavior retained; navigation relocated",test_diagnostics*
F13.12,Maintenance > Diagnostics & Context Intelligence,diagnostics,Static environment-key authentication,Unified app diagnostics through an explicit client dependency,"Controls apply to Unified index/forwarding, not arbitrary bundle exporters; Maximum ten destinations; Remote HTTPS; localhost HTTP exception; Only captured streams eligible for forwarding; Save before test; test sends synthetic event in real app; No automatic historical upload; Changed destination cancels old pending deliveries; Environment names instead of key values","Existing native form, action and behavior retained; navigation relocated",test_diagnostics*
F13.13,Maintenance > Diagnostics & Context Intelligence,diagnostics,Environment variable check,Unified app diagnostics through an explicit client dependency,"Controls apply to Unified index/forwarding, not arbitrary bundle exporters; Maximum ten destinations; Remote HTTPS; localhost HTTP exception; Only captured streams eligible for forwarding; Save before test; test sends synthetic event in real app; No automatic historical upload; Changed destination cancels old pending deliveries; Environment names instead of key values","Existing native form, action and behavior retained; navigation relocated",test_diagnostics*
F13.14,Maintenance > Diagnostics & Context Intelligence,diagnostics,Microsoft Entra resource URI,Unified app diagnostics through an explicit client dependency,"Controls apply to Unified index/forwarding, not arbitrary bundle exporters; Maximum ten destinations; Remote HTTPS; localhost HTTP exception; Only captured streams eligible for forwarding; Save before test; test sends synthetic event in real app; No automatic historical upload; Changed destination cancels old pending deliveries; Environment names instead of key values","Existing native form, action and behavior retained; navigation relocated",test_diagnostics*
F13.15,Maintenance > Diagnostics & Context Intelligence,diagnostics,Per-destination streams,Unified app diagnostics through an explicit client dependency,"Controls apply to Unified index/forwarding, not arbitrary bundle exporters; Maximum ten destinations; Remote HTTPS; localhost HTTP exception; Only captured streams eligible for forwarding; Save before test; test sends synthetic event in real app; No automatic historical upload; Changed destination cancels old pending deliveries; Environment names instead of key values","Existing native form, action and behavior retained; navigation relocated",test_diagnostics*
F13.16,Maintenance > Diagnostics & Context Intelligence,diagnostics,Workspace label,Unified app diagnostics through an explicit client dependency,"Controls apply to Unified index/forwarding, not arbitrary bundle exporters; Maximum ten destinations; Remote HTTPS; localhost HTTP exception; Only captured streams eligible for forwarding; Save before test; test sends synthetic event in real app; No automatic historical upload; Changed destination cancels old pending deliveries; Environment names instead of key values","Existing native form, action and behavior retained; navigation relocated",test_diagnostics*
F13.17,Maintenance > Diagnostics & Context Intelligence,diagnostics,Workspace path filter,Unified app diagnostics through an explicit client dependency,"Controls apply to Unified index/forwarding, not arbitrary bundle exporters; Maximum ten destinations; Remote HTTPS; localhost HTTP exception; Only captured streams eligible for forwarding; Save before test; test sends synthetic event in real app; No automatic historical upload; Changed destination cancels old pending deliveries; Environment names instead of key values","Existing native form, action and behavior retained; navigation relocated",test_diagnostics*
F13.18,Maintenance > Diagnostics & Context Intelligence,diagnostics,Include folder paths switch,Unified app diagnostics through an explicit client dependency,"Controls apply to Unified index/forwarding, not arbitrary bundle exporters; Maximum ten destinations; Remote HTTPS; localhost HTTP exception; Only captured streams eligible for forwarding; Save before test; test sends synthetic event in real app; No automatic historical upload; Changed destination cancels old pending deliveries; Environment names instead of key values","Existing native form, action and behavior retained; navigation relocated",test_diagnostics*
F13.19,Maintenance > Diagnostics & Context Intelligence,diagnostics,Save destination,Unified app diagnostics through an explicit client dependency,"Controls apply to Unified index/forwarding, not arbitrary bundle exporters; Maximum ten destinations; Remote HTTPS; localhost HTTP exception; Only captured streams eligible for forwarding; Save before test; test sends synthetic event in real app; No automatic historical upload; Changed destination cancels old pending deliveries; Environment names instead of key values","Existing native form, action and behavior retained; navigation relocated",test_diagnostics*
F13.20,Maintenance > Diagnostics & Context Intelligence,diagnostics,Test connection,Unified app diagnostics through an explicit client dependency,"Controls apply to Unified index/forwarding, not arbitrary bundle exporters; Maximum ten destinations; Remote HTTPS; localhost HTTP exception; Only captured streams eligible for forwarding; Save before test; test sends synthetic event in real app; No automatic historical upload; Changed destination cancels old pending deliveries; Environment names instead of key values","Existing native form, action and behavior retained; navigation relocated",test_diagnostics*
F13.21,Maintenance > Diagnostics & Context Intelligence,diagnostics,Retry failed deliveries,Unified app diagnostics through an explicit client dependency,"Controls apply to Unified index/forwarding, not arbitrary bundle exporters; Maximum ten destinations; Remote HTTPS; localhost HTTP exception; Only captured streams eligible for forwarding; Save before test; test sends synthetic event in real app; No automatic historical upload; Changed destination cancels old pending deliveries; Environment names instead of key values","Existing native form, action and behavior retained; navigation relocated",test_diagnostics*
F13.22,Maintenance > Diagnostics & Context Intelligence,diagnostics,Accepted/duplicate/pending/failed/cancelled counts,Unified app diagnostics through an explicit client dependency,"Controls apply to Unified index/forwarding, not arbitrary bundle exporters; Maximum ten destinations; Remote HTTPS; localhost HTTP exception; Only captured streams eligible for forwarding; Save before test; test sends synthetic event in real app; No automatic historical upload; Changed destination cancels old pending deliveries; Environment names instead of key values","Existing native form, action and behavior retained; navigation relocated",test_diagnostics*
F13.23,Maintenance > Diagnostics & Context Intelligence,diagnostics,Delivery error details,Unified app diagnostics through an explicit client dependency,"Controls apply to Unified index/forwarding, not arbitrary bundle exporters; Maximum ten destinations; Remote HTTPS; localhost HTTP exception; Only captured streams eligible for forwarding; Save before test; test sends synthetic event in real app; No automatic historical upload; Changed destination cancels old pending deliveries; Environment names instead of key values","Existing native form, action and behavior retained; navigation relocated",test_diagnostics*
F13.24,Maintenance > Diagnostics & Context Intelligence,diagnostics,Remove destination,Unified app diagnostics through an explicit client dependency,"Controls apply to Unified index/forwarding, not arbitrary bundle exporters; Maximum ten destinations; Remote HTTPS; localhost HTTP exception; Only captured streams eligible for forwarding; Save before test; test sends synthetic event in real app; No automatic historical upload; Changed destination cancels old pending deliveries; Environment names instead of key values","Existing native form, action and behavior retained; navigation relocated",test_diagnostics*
F13.25,Maintenance > Diagnostics & Context Intelligence,diagnostics,Local record stream filter,Unified app diagnostics through an explicit client dependency,"Controls apply to Unified index/forwarding, not arbitrary bundle exporters; Maximum ten destinations; Remote HTTPS; localhost HTTP exception; Only captured streams eligible for forwarding; Save before test; test sends synthetic event in real app; No automatic historical upload; Changed destination cancels old pending deliveries; Environment names instead of key values","Existing native form, action and behavior retained; navigation relocated",test_diagnostics*
F13.26,Maintenance > Diagnostics & Context Intelligence,diagnostics,Optional session filter,Unified app diagnostics through an explicit client dependency,"Controls apply to Unified index/forwarding, not arbitrary bundle exporters; Maximum ten destinations; Remote HTTPS; localhost HTTP exception; Only captured streams eligible for forwarding; Save before test; test sends synthetic event in real app; No automatic historical upload; Changed destination cancels old pending deliveries; Environment names instead of key values","Existing native form, action and behavior retained; navigation relocated",test_diagnostics*
F13.27,Maintenance > Diagnostics & Context Intelligence,diagnostics,Read records,Unified app diagnostics through an explicit client dependency,"Controls apply to Unified index/forwarding, not arbitrary bundle exporters; Maximum ten destinations; Remote HTTPS; localhost HTTP exception; Only captured streams eligible for forwarding; Save before test; test sends synthetic event in real app; No automatic historical upload; Changed destination cancels old pending deliveries; Environment names instead of key values","Existing native form, action and behavior retained; navigation relocated",test_diagnostics*
F13.28,Maintenance > Diagnostics & Context Intelligence,diagnostics,Older page,Unified app diagnostics through an explicit client dependency,"Controls apply to Unified index/forwarding, not arbitrary bundle exporters; Maximum ten destinations; Remote HTTPS; localhost HTTP exception; Only captured streams eligible for forwarding; Save before test; test sends synthetic event in real app; No automatic historical upload; Changed destination cancels old pending deliveries; Environment names instead of key values","Existing native form, action and behavior retained; navigation relocated",test_diagnostics*
F13.29,Maintenance > Diagnostics & Context Intelligence,diagnostics,Export current page,Unified app diagnostics through an explicit client dependency,"Controls apply to Unified index/forwarding, not arbitrary bundle exporters; Maximum ten destinations; Remote HTTPS; localhost HTTP exception; Only captured streams eligible for forwarding; Save before test; test sends synthetic event in real app; No automatic historical upload; Changed destination cancels old pending deliveries; Environment names instead of key values","Existing native form, action and behavior retained; navigation relocated",test_diagnostics*
F14.01,Maintenance > Conversation history,history,CLI/shared-history explanation,Unified history,Keep selected conversation; Retain original shared CLI data; Preserve transcript entries; never replay jobs; File size limited to 1 MB,"Existing native form, action and behavior retained; navigation relocated",native-history-browser; test_management.py
F14.02,Maintenance > Conversation history,history,Export runtime transcript,Unified history,Keep selected conversation; Retain original shared CLI data; Preserve transcript entries; never replay jobs; File size limited to 1 MB,"Existing native form, action and behavior retained; navigation relocated",native-history-browser; test_management.py
F14.03,Maintenance > Conversation history,history,Import JSON or JSONL by picker/drop,Unified history,Keep selected conversation; Retain original shared CLI data; Preserve transcript entries; never replay jobs; File size limited to 1 MB,"Existing native form, action and behavior retained; navigation relocated",native-history-browser; test_management.py
F14.04,Maintenance > Conversation history,history,Optional imported title and bundle override,Unified history,Keep selected conversation; Retain original shared CLI data; Preserve transcript entries; never replay jobs; File size limited to 1 MB,"Existing native form, action and behavior retained; navigation relocated",native-history-browser; test_management.py
F14.05,Maintenance > Conversation history,history,"File type, size and parse validation",Unified history,Keep selected conversation; Retain original shared CLI data; Preserve transcript entries; never replay jobs; File size limited to 1 MB,"Existing native form, action and behavior retained; navigation relocated",native-history-browser; test_management.py
F14.06,Maintenance > Conversation history,history,Cleanup age,Unified history,Keep selected conversation; Retain original shared CLI data; Preserve transcript entries; never replay jobs; File size limited to 1 MB,"Existing native form, action and behavior retained; navigation relocated",native-history-browser; test_management.py
F14.07,Maintenance > Conversation history,history,Preview eligible conversations,Unified history,Keep selected conversation; Retain original shared CLI data; Preserve transcript entries; never replay jobs; File size limited to 1 MB,"Existing native form, action and behavior retained; navigation relocated",native-history-browser; test_management.py
F14.08,Maintenance > Conversation history,history,Eligible count,Unified history,Keep selected conversation; Retain original shared CLI data; Preserve transcript entries; never replay jobs; File size limited to 1 MB,"Existing native form, action and behavior retained; navigation relocated",native-history-browser; test_management.py
F14.09,Maintenance > Conversation history,history,Optional retained legacy-app-file purge,Unified history,Keep selected conversation; Retain original shared CLI data; Preserve transcript entries; never replay jobs; File size limited to 1 MB,"Existing native form, action and behavior retained; navigation relocated",native-history-browser; test_management.py
F14.10,Maintenance > Conversation history,history,Apply cleanup,Unified history,Keep selected conversation; Retain original shared CLI data; Preserve transcript entries; never replay jobs; File size limited to 1 MB,"Existing native form, action and behavior retained; navigation relocated",native-history-browser; test_management.py
F15.01,Setup > Current conversation,conversation,Rename conversation,Unified conversation management,"Blank names rejected; Saved shared history remains after app-list removal; Existing active work consequences remain visible; Immutable full-history snapshot, including unloaded messages; Voice exchanges and artifact references retained; tool payloads omitted","Existing native form, action and behavior retained; navigation relocated",conversation-export-browser; test_conversation_export*
F15.02,Setup > Current conversation,conversation,Rename busy/error/draft-preservation states,Unified conversation management,"Blank names rejected; Saved shared history remains after app-list removal; Existing active work consequences remain visible; Immutable full-history snapshot, including unloaded messages; Voice exchanges and artifact references retained; tool payloads omitted","Existing native form, action and behavior retained; navigation relocated",conversation-export-browser; test_conversation_export*
F15.03,Setup > Current conversation,conversation,Export conversation,Unified conversation management,"Blank names rejected; Saved shared history remains after app-list removal; Existing active work consequences remain visible; Immutable full-history snapshot, including unloaded messages; Voice exchanges and artifact references retained; tool payloads omitted","Existing native form, action and behavior retained; navigation relocated",conversation-export-browser; test_conversation_export*
F15.04,Setup > Current conversation,conversation,Remove chat confirmation,Unified conversation management,"Blank names rejected; Saved shared history remains after app-list removal; Existing active work consequences remain visible; Immutable full-history snapshot, including unloaded messages; Voice exchanges and artifact references retained; tool payloads omitted","Existing native form, action and behavior retained; navigation relocated",conversation-export-browser; test_conversation_export*
F15.05,Setup > Current conversation,conversation,Keep conversation/cancel removal,Unified conversation management,"Blank names rejected; Saved shared history remains after app-list removal; Existing active work consequences remain visible; Immutable full-history snapshot, including unloaded messages; Voice exchanges and artifact references retained; tool payloads omitted","Existing native form, action and behavior retained; navigation relocated",conversation-export-browser; test_conversation_export*
F15.06,Setup > Current conversation,conversation,Copy complete conversation as Markdown,Unified conversation management,"Blank names rejected; Saved shared history remains after app-list removal; Existing active work consequences remain visible; Immutable full-history snapshot, including unloaded messages; Voice exchanges and artifact references retained; tool payloads omitted","Existing native form, action and behavior retained; navigation relocated",conversation-export-browser; test_conversation_export*
F15.07,Setup > Current conversation,conversation,Download complete conversation as Markdown,Unified conversation management,"Blank names rejected; Saved shared history remains after app-list removal; Existing active work consequences remain visible; Immutable full-history snapshot, including unloaded messages; Voice exchanges and artifact references retained; tool payloads omitted","Existing native form, action and behavior retained; navigation relocated",conversation-export-browser; test_conversation_export*
F15.08,Setup > Current conversation,conversation,Export JSON remains available,Unified conversation management,"Blank names rejected; Saved shared history remains after app-list removal; Existing active work consequences remain visible; Immutable full-history snapshot, including unloaded messages; Voice exchanges and artifact references retained; tool payloads omitted","Existing native form, action and behavior retained; navigation relocated",conversation-export-browser; test_conversation_export*
F15.09,Setup > Current conversation,conversation,Export pending/success/error status,Unified conversation management,"Blank names rejected; Saved shared history remains after app-list removal; Existing active work consequences remain visible; Immutable full-history snapshot, including unloaded messages; Voice exchanges and artifact references retained; tool payloads omitted","Existing native form, action and behavior retained; navigation relocated",conversation-export-browser; test_conversation_export*
F16.01,Maintenance > Backup and repair,repair,Create full private backup,Unified recovery,"Backup result must be verified, not inferred from dismissal; Repair waits for idle work; No false claim that all external tool data is included","Existing native form, action and behavior retained; navigation relocated",test_management.py
F16.02,Maintenance > Backup and repair,repair,Repair installed runtime,Unified recovery,"Backup result must be verified, not inferred from dismissal; Repair waits for idle work; No false claim that all external tool data is included","Existing native form, action and behavior retained; navigation relocated",test_management.py
F16.03,Maintenance > Backup and repair,repair,Busy/idle gating,Unified recovery,"Backup result must be verified, not inferred from dismissal; Repair waits for idle work; No false claim that all external tool data is included","Existing native form, action and behavior retained; navigation relocated",test_management.py
F16.04,Maintenance > Backup and repair,repair,Saved backup location and status details,Unified recovery,"Backup result must be verified, not inferred from dismissal; Repair waits for idle work; No false claim that all external tool data is included","Existing native form, action and behavior retained; navigation relocated",test_management.py
F16.05,Maintenance > Backup and repair,repair,Backup contents and unencrypted-credential disclosure,Unified recovery,"Backup result must be verified, not inferred from dismissal; Repair waits for idle work; No false claim that all external tool data is included","Existing native form, action and behavior retained; navigation relocated",test_management.py
F17.01,Maintenance > Advanced recovery,reset,Select runtime rebuild,Unified recovery,Confirmation matches current selection; Original workspace and CLI data retained; Busy updates/work block destructive operation,"Existing native form, action and behavior retained; navigation relocated",test_management.py
F17.02,Maintenance > Advanced recovery,reset,Select cache clearing,Unified recovery,Confirmation matches current selection; Original workspace and CLI data retained; Busy updates/work block destructive operation,"Existing native form, action and behavior retained; navigation relocated",test_management.py
F17.03,Maintenance > Advanced recovery,reset,Select configuration/credential reset,Unified recovery,Confirmation matches current selection; Original workspace and CLI data retained; Busy updates/work block destructive operation,"Existing native form, action and behavior retained; navigation relocated",test_management.py
F17.04,Maintenance > Advanced recovery,reset,Select app conversation removal,Unified recovery,Confirmation matches current selection; Original workspace and CLI data retained; Busy updates/work block destructive operation,"Existing native form, action and behavior retained; navigation relocated",test_management.py
F17.05,Maintenance > Advanced recovery,reset,Preview exact selected reset,Unified recovery,Confirmation matches current selection; Original workspace and CLI data retained; Busy updates/work block destructive operation,"Existing native form, action and behavior retained; navigation relocated",test_management.py
F17.06,Maintenance > Advanced recovery,reset,List affected paths,Unified recovery,Confirmation matches current selection; Original workspace and CLI data retained; Busy updates/work block destructive operation,"Existing native form, action and behavior retained; navigation relocated",test_management.py
F17.07,Maintenance > Advanced recovery,reset,Type RESET confirmation,Unified recovery,Confirmation matches current selection; Original workspace and CLI data retained; Busy updates/work block destructive operation,"Existing native form, action and behavior retained; navigation relocated",test_management.py
F17.08,Maintenance > Advanced recovery,reset,Apply selected reset,Unified recovery,Confirmation matches current selection; Original workspace and CLI data retained; Busy updates/work block destructive operation,"Existing native form, action and behavior retained; navigation relocated",test_management.py
F17.09,Maintenance > Advanced recovery,reset,Retained recovery folder,Unified recovery,Confirmation matches current selection; Original workspace and CLI data retained; Busy updates/work block destructive operation,"Existing native form, action and behavior retained; navigation relocated",test_management.py
F18.01,Maintenance > Ready conversations,ready-conversations,Warm conversation count,Unified runtime lifecycle,Integer nonnegative count; finite nonnegative hours; Either zero disables preparation and releases settled idle work; Saved history and active work remain protected,"Existing native form, action and behavior retained; navigation relocated",worker-retention-browser
F18.02,Maintenance > Ready conversations,ready-conversations,Idle lifetime in hours,Unified runtime lifecycle,Integer nonnegative count; finite nonnegative hours; Either zero disables preparation and releases settled idle work; Saved history and active work remain protected,"Existing native form, action and behavior retained; navigation relocated",worker-retention-browser
F18.03,Maintenance > Ready conversations,ready-conversations,Prepare on selection,Unified runtime lifecycle,Integer nonnegative count; finite nonnegative hours; Either zero disables preparation and releases settled idle work; Saved history and active work remain protected,"Existing native form, action and behavior retained; navigation relocated",worker-retention-browser
F18.04,Maintenance > Ready conversations,ready-conversations,Input validation,Unified runtime lifecycle,Integer nonnegative count; finite nonnegative hours; Either zero disables preparation and releases settled idle work; Saved history and active work remain protected,"Existing native form, action and behavior retained; navigation relocated",worker-retention-browser
F18.05,Maintenance > Ready conversations,ready-conversations,Save and saving state,Unified runtime lifecycle,Integer nonnegative count; finite nonnegative hours; Either zero disables preparation and releases settled idle work; Saved history and active work remain protected,"Existing native form, action and behavior retained; navigation relocated",worker-retention-browser
F18.06,Maintenance > Ready conversations,ready-conversations,Zero-limit behavior explanation,Unified runtime lifecycle,Integer nonnegative count; finite nonnegative hours; Either zero disables preparation and releases settled idle work; Saved history and active work remain protected,"Existing native form, action and behavior retained; navigation relocated",worker-retention-browser
F19.01,Capabilities > Advanced module & source registries,registries,Modules and source-overrides tabs,Unified generic registry,Validate against effective scoped configuration; Removing inherited module writes a disabling override; Session context/orchestrator cannot be disabled; Credentials kept in environment/private storage; Do not require host knowledge of module-specific semantics,"Existing native form, action and behavior retained; navigation relocated",settings-browser; test_registry*
F19.02,Capabilities > Advanced module & source registries,registries,Global/project/private scope,Unified generic registry,Validate against effective scoped configuration; Removing inherited module writes a disabling override; Session context/orchestrator cannot be disabled; Credentials kept in environment/private storage; Do not require host knowledge of module-specific semantics,"Existing native form, action and behavior retained; navigation relocated",settings-browser; test_registry*
F19.03,Capabilities > Advanced module & source registries,registries,Load registry,Unified generic registry,Validate against effective scoped configuration; Removing inherited module writes a disabling override; Session context/orchestrator cannot be disabled; Credentials kept in environment/private storage; Do not require host knowledge of module-specific semantics,"Existing native form, action and behavior retained; navigation relocated",settings-browser; test_registry*
F19.04,Capabilities > Advanced module & source registries,registries,Filter modules and source overrides,Unified generic registry,Validate against effective scoped configuration; Removing inherited module writes a disabling override; Session context/orchestrator cannot be disabled; Credentials kept in environment/private storage; Do not require host knowledge of module-specific semantics,"Existing native form, action and behavior retained; navigation relocated",settings-browser; test_registry*
F19.05,Capabilities > Advanced module & source registries,registries,Select module,Unified generic registry,Validate against effective scoped configuration; Removing inherited module writes a disabling override; Session context/orchestrator cannot be disabled; Credentials kept in environment/private storage; Do not require host knowledge of module-specific semantics,"Existing native form, action and behavior retained; navigation relocated",settings-browser; test_registry*
F19.06,Capabilities > Advanced module & source registries,registries,Add module,Unified generic registry,Validate against effective scoped configuration; Removing inherited module writes a disabling override; Session context/orchestrator cannot be disabled; Credentials kept in environment/private storage; Do not require host knowledge of module-specific semantics,"Existing native form, action and behavior retained; navigation relocated",settings-browser; test_registry*
F19.07,Capabilities > Advanced module & source registries,registries,Five module types,Unified generic registry,Validate against effective scoped configuration; Removing inherited module writes a disabling override; Session context/orchestrator cannot be disabled; Credentials kept in environment/private storage; Do not require host knowledge of module-specific semantics,"Existing native form, action and behavior retained; navigation relocated",settings-browser; test_registry*
F19.08,Capabilities > Advanced module & source registries,registries,Instance name,Unified generic registry,Validate against effective scoped configuration; Removing inherited module writes a disabling override; Session context/orchestrator cannot be disabled; Credentials kept in environment/private storage; Do not require host knowledge of module-specific semantics,"Existing native form, action and behavior retained; navigation relocated",settings-browser; test_registry*
F19.09,Capabilities > Advanced module & source registries,registries,Module name,Unified generic registry,Validate against effective scoped configuration; Removing inherited module writes a disabling override; Session context/orchestrator cannot be disabled; Credentials kept in environment/private storage; Do not require host knowledge of module-specific semantics,"Existing native form, action and behavior retained; navigation relocated",settings-browser; test_registry*
F19.10,Capabilities > Advanced module & source registries,registries,Source and location picker,Unified generic registry,Validate against effective scoped configuration; Removing inherited module writes a disabling override; Session context/orchestrator cannot be disabled; Credentials kept in environment/private storage; Do not require host knowledge of module-specific semantics,"Existing native form, action and behavior retained; navigation relocated",settings-browser; test_registry*
F19.11,Capabilities > Advanced module & source registries,registries,Configuration JSON,Unified generic registry,Validate against effective scoped configuration; Removing inherited module writes a disabling override; Session context/orchestrator cannot be disabled; Credentials kept in environment/private storage; Do not require host knowledge of module-specific semantics,"Existing native form, action and behavior retained; navigation relocated",settings-browser; test_registry*
F19.12,Capabilities > Advanced module & source registries,registries,Enabled switch,Unified generic registry,Validate against effective scoped configuration; Removing inherited module writes a disabling override; Session context/orchestrator cannot be disabled; Credentials kept in environment/private storage; Do not require host knowledge of module-specific semantics,"Existing native form, action and behavior retained; navigation relocated",settings-browser; test_registry*
F19.13,Capabilities > Advanced module & source registries,registries,Optional isolated behavior tests,Unified generic registry,Validate against effective scoped configuration; Removing inherited module writes a disabling override; Session context/orchestrator cannot be disabled; Credentials kept in environment/private storage; Do not require host knowledge of module-specific semantics,"Existing native form, action and behavior retained; navigation relocated",settings-browser; test_registry*
F19.14,Capabilities > Advanced module & source registries,registries,Save module,Unified generic registry,Validate against effective scoped configuration; Removing inherited module writes a disabling override; Session context/orchestrator cannot be disabled; Credentials kept in environment/private storage; Do not require host knowledge of module-specific semantics,"Existing native form, action and behavior retained; navigation relocated",settings-browser; test_registry*
F19.15,Capabilities > Advanced module & source registries,registries,Validate core contract,Unified generic registry,Validate against effective scoped configuration; Removing inherited module writes a disabling override; Session context/orchestrator cannot be disabled; Credentials kept in environment/private storage; Do not require host knowledge of module-specific semantics,"Existing native form, action and behavior retained; navigation relocated",settings-browser; test_registry*
F19.16,Capabilities > Advanced module & source registries,registries,Remove module,Unified generic registry,Validate against effective scoped configuration; Removing inherited module writes a disabling override; Session context/orchestrator cannot be disabled; Credentials kept in environment/private storage; Do not require host knowledge of module-specific semantics,"Existing native form, action and behavior retained; navigation relocated",settings-browser; test_registry*
F19.17,Capabilities > Advanced module & source registries,registries,Validation checks and pass/fail states,Unified generic registry,Validate against effective scoped configuration; Removing inherited module writes a disabling override; Session context/orchestrator cannot be disabled; Credentials kept in environment/private storage; Do not require host knowledge of module-specific semantics,"Existing native form, action and behavior retained; navigation relocated",settings-browser; test_registry*
F19.18,Capabilities > Advanced module & source registries,registries,Expand individual behavior-test outcomes,Unified generic registry,Validate against effective scoped configuration; Removing inherited module writes a disabling override; Session context/orchestrator cannot be disabled; Credentials kept in environment/private storage; Do not require host knowledge of module-specific semantics,"Existing native form, action and behavior retained; navigation relocated",settings-browser; test_registry*
F19.19,Capabilities > Advanced module & source registries,registries,Source type: module or bundle,Unified generic registry,Validate against effective scoped configuration; Removing inherited module writes a disabling override; Session context/orchestrator cannot be disabled; Credentials kept in environment/private storage; Do not require host knowledge of module-specific semantics,"Existing native form, action and behavior retained; navigation relocated",settings-browser; test_registry*
F19.20,Capabilities > Advanced module & source registries,registries,Registered source name,Unified generic registry,Validate against effective scoped configuration; Removing inherited module writes a disabling override; Session context/orchestrator cannot be disabled; Credentials kept in environment/private storage; Do not require host knowledge of module-specific semantics,"Existing native form, action and behavior retained; navigation relocated",settings-browser; test_registry*
F19.21,Capabilities > Advanced module & source registries,registries,Repository/path source override,Unified generic registry,Validate against effective scoped configuration; Removing inherited module writes a disabling override; Session context/orchestrator cannot be disabled; Credentials kept in environment/private storage; Do not require host knowledge of module-specific semantics,"Existing native form, action and behavior retained; navigation relocated",settings-browser; test_registry*
F19.22,Capabilities > Advanced module & source registries,registries,"Edit, save and remove override",Unified generic registry,Validate against effective scoped configuration; Removing inherited module writes a disabling override; Session context/orchestrator cannot be disabled; Credentials kept in environment/private storage; Do not require host knowledge of module-specific semantics,"Existing native form, action and behavior retained; navigation relocated",settings-browser; test_registry*
F20.01,Maintenance > File access,permissions,Global/project/private scope,Existing explicit tool-filesystem coupling; architectural review required,"Denied paths take precedence; These are tool-filesystem settings, not universal sandbox permissions; Shell policies come from bundle; Preserve existing control while deciding its longer-term ownership","Existing native form, action and behavior retained; navigation relocated",settings-browser; test_management.py
F20.02,Maintenance > File access,permissions,Load permissions,Existing explicit tool-filesystem coupling; architectural review required,"Denied paths take precedence; These are tool-filesystem settings, not universal sandbox permissions; Shell policies come from bundle; Preserve existing control while deciding its longer-term ownership","Existing native form, action and behavior retained; navigation relocated",settings-browser; test_management.py
F20.03,Maintenance > File access,permissions,"Allowed folders, one per line",Existing explicit tool-filesystem coupling; architectural review required,"Denied paths take precedence; These are tool-filesystem settings, not universal sandbox permissions; Shell policies come from bundle; Preserve existing control while deciding its longer-term ownership","Existing native form, action and behavior retained; navigation relocated",settings-browser; test_management.py
F20.04,Maintenance > File access,permissions,"Denied folders, one per line",Existing explicit tool-filesystem coupling; architectural review required,"Denied paths take precedence; These are tool-filesystem settings, not universal sandbox permissions; Shell policies come from bundle; Preserve existing control while deciding its longer-term ownership","Existing native form, action and behavior retained; navigation relocated",settings-browser; test_management.py
F20.05,Maintenance > File access,permissions,Browse and append locations,Existing explicit tool-filesystem coupling; architectural review required,"Denied paths take precedence; These are tool-filesystem settings, not universal sandbox permissions; Shell policies come from bundle; Preserve existing control while deciding its longer-term ownership","Existing native form, action and behavior retained; navigation relocated",settings-browser; test_management.py
F20.06,Maintenance > File access,permissions,Save permissions,Existing explicit tool-filesystem coupling; architectural review required,"Denied paths take precedence; These are tool-filesystem settings, not universal sandbox permissions; Shell policies come from bundle; Preserve existing control while deciding its longer-term ownership","Existing native form, action and behavior retained; navigation relocated",settings-browser; test_management.py
F20.07,Maintenance > File access,permissions,Effective-time detail,Existing explicit tool-filesystem coupling; architectural review required,"Denied paths take precedence; These are tool-filesystem settings, not universal sandbox permissions; Shell policies come from bundle; Preserve existing control while deciding its longer-term ownership","Existing native form, action and behavior retained; navigation relocated",settings-browser; test_management.py
F21.01,Maintenance > Terminal and automation,automation,Run command example,Unified headless app,"Same host, configuration and tool policies; No scheduling feature invented","Existing native form, action and behavior retained; navigation relocated",test_headless.py
F21.02,Maintenance > Terminal and automation,automation,JSON output example,Unified headless app,"Same host, configuration and tool policies; No scheduling feature invented","Existing native form, action and behavior retained; navigation relocated",test_headless.py
F21.03,Maintenance > Terminal and automation,automation,Resume/continue example,Unified headless app,"Same host, configuration and tool policies; No scheduling feature invented","Existing native form, action and behavior retained; navigation relocated",test_headless.py
F21.04,Maintenance > Terminal and automation,automation,Bundle/provider/model flags,Unified headless app,"Same host, configuration and tool policies; No scheduling feature invented","Existing native form, action and behavior retained; navigation relocated",test_headless.py
F21.05,Maintenance > Terminal and automation,automation,JSON trace and interactive-approval limitations,Unified headless app,"Same host, configuration and tool policies; No scheduling feature invented","Existing native form, action and behavior retained; navigation relocated",test_headless.py
F22.01,Setup > Install Amplifier,install-app,Chrome/Edge install guidance,Unified PWA guidance,PWA window installation does not install/start Python host,"Existing native form, action and behavior retained; navigation relocated",source review
F22.02,Setup > Install Amplifier,install-app,Safari Add to Dock guidance,Unified PWA guidance,PWA window installation does not install/start Python host,"Existing native form, action and behavior retained; navigation relocated",source review
F22.03,Setup > Install Amplifier,install-app,iPhone/iPad home-screen guidance,Unified PWA guidance,PWA window installation does not install/start Python host,"Existing native form, action and behavior retained; navigation relocated",source review
F22.04,Setup > Install Amplifier,install-app,Host-service requirement,Unified PWA guidance,PWA window installation does not install/start Python host,"Existing native form, action and behavior retained; navigation relocated",source review
F22.05,Setup > Install Amplifier,install-app,Localhost/trusted HTTPS guidance,Unified PWA guidance,PWA window installation does not install/start Python host,"Existing native form, action and behavior retained; navigation relocated",source review
F22.06,Setup > Install Amplifier,install-app,Data remains on host,Unified PWA guidance,PWA window installation does not install/start Python host,"Existing native form, action and behavior retained; navigation relocated",source review
F23.01,Shared settings controls,shared,"Location picker: open/close, typed path, Go/Enter, Up, enter folder, select file, use folder",Unified shared interaction primitives,UI actions share authoritative agent-visible operations; Local secret inputs excluded from shared draft state; Loading retains useful current content; integrate shared refresh treatment; Preserve draft through failure/dismissal,"Existing native form, action and behavior retained; navigation relocated",settings-browser; activity-feedback-browser; pending-view-browser
F23.02,Shared settings controls,shared,"Location errors, loading, empty and truncated-list states",Unified shared interaction primitives,UI actions share authoritative agent-visible operations; Local secret inputs excluded from shared draft state; Loading retains useful current content; integrate shared refresh treatment; Preserve draft through failure/dismissal,"Existing native form, action and behavior retained; navigation relocated",settings-browser; activity-feedback-browser; pending-view-browser
F23.03,Shared settings controls,shared,Path drag/drop and hidden-path explanation,Unified shared interaction primitives,UI actions share authoritative agent-visible operations; Local secret inputs excluded from shared draft state; Loading retains useful current content; integrate shared refresh treatment; Preserve draft through failure/dismissal,"Existing native form, action and behavior retained; navigation relocated",settings-browser; activity-feedback-browser; pending-view-browser
F23.04,Shared settings controls,shared,File picker/drop with error reporting,Unified shared interaction primitives,UI actions share authoritative agent-visible operations; Local secret inputs excluded from shared draft state; Loading retains useful current content; integrate shared refresh treatment; Preserve draft through failure/dismissal,"Existing native form, action and behavior retained; navigation relocated",settings-browser; activity-feedback-browser; pending-view-browser
F23.05,Shared settings controls,shared,"Registered bundle picker, description and custom source fallback",Unified shared interaction primitives,UI actions share authoritative agent-visible operations; Local secret inputs excluded from shared draft state; Loading retains useful current content; integrate shared refresh treatment; Preserve draft through failure/dismissal,"Existing native form, action and behavior retained; navigation relocated",settings-browser; activity-feedback-browser; pending-view-browser
F23.06,Shared settings controls,shared,"Text and wildcard filtering, match count, no matches, clear",Unified shared interaction primitives,UI actions share authoritative agent-visible operations; Local secret inputs excluded from shared draft state; Loading retains useful current content; integrate shared refresh treatment; Preserve draft through failure/dismissal,"Existing native form, action and behavior retained; navigation relocated",settings-browser; activity-feedback-browser; pending-view-browser
F23.07,Shared settings controls,shared,"Reorder by pointer, keyboard and arrow controls",Unified shared interaction primitives,UI actions share authoritative agent-visible operations; Local secret inputs excluded from shared draft state; Loading retains useful current content; integrate shared refresh treatment; Preserve draft through failure/dismissal,"Existing native form, action and behavior retained; navigation relocated",settings-browser; activity-feedback-browser; pending-view-browser
F23.08,Shared settings controls,shared,Pending/queued/success/error/neutral notices,Unified shared interaction primitives,UI actions share authoritative agent-visible operations; Local secret inputs excluded from shared draft state; Loading retains useful current content; integrate shared refresh treatment; Preserve draft through failure/dismissal,"Existing native form, action and behavior retained; navigation relocated",settings-browser; activity-feedback-browser; pending-view-browser
F23.09,Shared settings controls,shared,Attention badges and mark reviewed,Unified shared interaction primitives,UI actions share authoritative agent-visible operations; Local secret inputs excluded from shared draft state; Loading retains useful current content; integrate shared refresh treatment; Preserve draft through failure/dismissal,"Existing native form, action and behavior retained; navigation relocated",settings-browser; activity-feedback-browser; pending-view-browser
F23.10,Shared settings controls,shared,Navigate back without silently applying drafts,Unified shared interaction primitives,UI actions share authoritative agent-visible operations; Local secret inputs excluded from shared draft state; Loading retains useful current content; integrate shared refresh treatment; Preserve draft through failure/dismissal,"Existing native form, action and behavior retained; navigation relocated",settings-browser; activity-feedback-browser; pending-view-browser
F23.11,Shared settings controls,shared,Setup overview runtime availability or error,Unified shared interaction primitives,UI actions share authoritative agent-visible operations; Local secret inputs excluded from shared draft state; Loading retains useful current content; integrate shared refresh treatment; Preserve draft through failure/dismissal,"Existing native form, action and behavior retained; navigation relocated",settings-browser; activity-feedback-browser; pending-view-browser
F23.12,Shared settings controls,shared,Setup overview current session status,Unified shared interaction primitives,UI actions share authoritative agent-visible operations; Local secret inputs excluded from shared draft state; Loading retains useful current content; integrate shared refresh treatment; Preserve draft through failure/dismissal,"Existing native form, action and behavior retained; navigation relocated",settings-browser; activity-feedback-browser; pending-view-browser
F24.01,Adjacent: conversation bundle popup,conversation,Open/close bundle picker,Unified conversation configuration,History preserved; Do not conflate current conversation change with defaults; Optional preview; incompatible pinned model requires explicit reset choice,"Existing native form, action and behavior retained; navigation relocated",bundle-browser
F24.02,Adjacent: conversation bundle popup,conversation,Registered/custom source,Unified conversation configuration,History preserved; Do not conflate current conversation change with defaults; Optional preview; incompatible pinned model requires explicit reset choice,"Existing native form, action and behavior retained; navigation relocated",bundle-browser
F24.03,Adjacent: conversation bundle popup,conversation,Preview change summary,Unified conversation configuration,History preserved; Do not conflate current conversation change with defaults; Optional preview; incompatible pinned model requires explicit reset choice,"Existing native form, action and behavior retained; navigation relocated",bundle-browser
F24.04,Adjacent: conversation bundle popup,conversation,App capability details,Unified conversation configuration,History preserved; Do not conflate current conversation change with defaults; Optional preview; incompatible pinned model requires explicit reset choice,"Existing native form, action and behavior retained; navigation relocated",bundle-browser
F24.05,Adjacent: conversation bundle popup,conversation,Incompatible pinned model acknowledgment,Unified conversation configuration,History preserved; Do not conflate current conversation change with defaults; Optional preview; incompatible pinned model requires explicit reset choice,"Existing native form, action and behavior retained; navigation relocated",bundle-browser
F24.06,Adjacent: conversation bundle popup,conversation,Switch bundle,Unified conversation configuration,History preserved; Do not conflate current conversation change with defaults; Optional preview; incompatible pinned model requires explicit reset choice,"Existing native form, action and behavior retained; navigation relocated",bundle-browser
F24.07,Adjacent: conversation bundle popup,conversation,Fork with bundle,Unified conversation configuration,History preserved; Do not conflate current conversation change with defaults; Optional preview; incompatible pinned model requires explicit reset choice,"Existing native form, action and behavior retained; navigation relocated",bundle-browser
F24.08,Adjacent: conversation bundle popup,conversation,Start conversation with bundle when none selected,Unified conversation configuration,History preserved; Do not conflate current conversation change with defaults; Optional preview; incompatible pinned model requires explicit reset choice,"Existing native form, action and behavior retained; navigation relocated",bundle-browser
F24.09,Adjacent: conversation bundle popup,conversation,Pending/busy/unavailable states,Unified conversation configuration,History preserved; Do not conflate current conversation change with defaults; Optional preview; incompatible pinned model requires explicit reset choice,"Existing native form, action and behavior retained; navigation relocated",bundle-browser
F24.10,Adjacent: conversation bundle popup,conversation,Direct switch or fork without mandatory preview,Unified conversation configuration,History preserved; Do not conflate current conversation change with defaults; Optional preview; incompatible pinned model requires explicit reset choice,"Existing native form, action and behavior retained; navigation relocated",bundle-browser
F25.01,Adjacent: Session controls,runtime,"Session, Goals & modes, Limits & context, Tools & skills tabs",Generic runtime capability contract,Bundle capability discovery gates goals and modes; No conversation state handled; Active work blocks mutation; Saved history retained when active context clears; No module identifier assumptions,"Existing native form, action and behavior retained; navigation relocated",test_runtime_controls*
F25.02,Adjacent: Session controls,runtime,Inspect capabilities,Generic runtime capability contract,Bundle capability discovery gates goals and modes; No conversation state handled; Active work blocks mutation; Saved history retained when active context clears; No module identifier assumptions,"Existing native form, action and behavior retained; navigation relocated",test_runtime_controls*
F25.03,Adjacent: Session controls,runtime,Usage calls/messages/turns and character counts,Generic runtime capability contract,Bundle capability discovery gates goals and modes; No conversation state handled; Active work blocks mutation; Saved history retained when active context clears; No module identifier assumptions,"Existing native form, action and behavior retained; navigation relocated",test_runtime_controls*
F25.04,Adjacent: Session controls,runtime,Get/set/clear explicit goal and optional turn cap,Generic runtime capability contract,Bundle capability discovery gates goals and modes; No conversation state handled; Active work blocks mutation; Saved history retained when active context clears; No module identifier assumptions,"Existing native form, action and behavior retained; navigation relocated",test_runtime_controls*
F25.05,Adjacent: Session controls,runtime,List/set/clear modes,Generic runtime capability contract,Bundle capability discovery gates goals and modes; No conversation state handled; Active work blocks mutation; Saved history retained when active context clears; No module identifier assumptions,"Existing native form, action and behavior retained; navigation relocated",test_runtime_controls*
F25.06,Adjacent: Session controls,runtime,Get/update model-turn and context-token limits,Generic runtime capability contract,Bundle capability discovery gates goals and modes; No conversation state handled; Active work blocks mutation; Saved history retained when active context clears; No module identifier assumptions,"Existing native form, action and behavior retained; navigation relocated",test_runtime_controls*
F25.07,Adjacent: Session controls,runtime,Unlimited-turn sentinel,Generic runtime capability contract,Bundle capability discovery gates goals and modes; No conversation state handled; Active work blocks mutation; Saved history retained when active context clears; No module identifier assumptions,"Existing native form, action and behavior retained; navigation relocated",test_runtime_controls*
F25.08,Adjacent: Session controls,runtime,Confirm and clear active model context,Generic runtime capability contract,Bundle capability discovery gates goals and modes; No conversation state handled; Active work blocks mutation; Saved history retained when active context clears; No module identifier assumptions,"Existing native form, action and behavior retained; navigation relocated",test_runtime_controls*
F25.09,Adjacent: Session controls,runtime,Inspect tool catalog and schemas,Generic runtime capability contract,Bundle capability discovery gates goals and modes; No conversation state handled; Active work blocks mutation; Saved history retained when active context clears; No module identifier assumptions,"Existing native form, action and behavior retained; navigation relocated",test_runtime_controls*
F25.10,Adjacent: Session controls,runtime,JSON tool arguments and invoke,Generic runtime capability contract,Bundle capability discovery gates goals and modes; No conversation state handled; Active work blocks mutation; Saved history retained when active context clears; No module identifier assumptions,"Existing native form, action and behavior retained; navigation relocated",test_runtime_controls*
F25.11,Adjacent: Session controls,runtime,Tool result,Generic runtime capability contract,Bundle capability discovery gates goals and modes; No conversation state handled; Active work blocks mutation; Saved history retained when active context clears; No module identifier assumptions,"Existing native form, action and behavior retained; navigation relocated",test_runtime_controls*
F25.12,Adjacent: Session controls,runtime,Available skills and agents,Generic runtime capability contract,Bundle capability discovery gates goals and modes; No conversation state handled; Active work blocks mutation; Saved history retained when active context clears; No module identifier assumptions,"Existing native form, action and behavior retained; navigation relocated",test_runtime_controls*
F15.10,Current conversation (added in upstream PR114 during implementation),conversation,Inspect conversation details and native/app session identity,Unified conversation management,"Blank names rejected; Saved shared history remains after app-list removal; Existing active work consequences remain visible; Immutable full-history snapshot, including unloaded messages; Voice exchanges and artifact references retained; tool payloads omitted","Existing native form, action and behavior retained; navigation relocated",session-health-browser; test_session_health.py
F15.11,Current conversation (added in upstream PR114 during implementation),conversation,Copy session ID,Unified conversation management,"Blank names rejected; Saved shared history remains after app-list removal; Existing active work consequences remain visible; Immutable full-history snapshot, including unloaded messages; Voice exchanges and artifact references retained; tool payloads omitted","Existing native form, action and behavior retained; navigation relocated",session-health-browser; test_session_health.py
F15.12,Current conversation (added in upstream PR114 during implementation),conversation,"Show recorded failure cause, guidance and runtime message",Unified conversation management,"Blank names rejected; Saved shared history remains after app-list removal; Existing active work consequences remain visible; Immutable full-history snapshot, including unloaded messages; Voice exchanges and artifact references retained; tool payloads omitted","Existing native form, action and behavior retained; navigation relocated",session-health-browser; test_session_health.py
F15.13,Current conversation (added in upstream PR114 during implementation),conversation,Copy diagnostic report,Unified conversation management,"Blank names rejected; Saved shared history remains after app-list removal; Existing active work consequences remain visible; Immutable full-history snapshot, including unloaded messages; Voice exchanges and artifact references retained; tool payloads omitted","Existing native form, action and behavior retained; navigation relocated",session-health-browser; test_session_health.py
F15.14,Current conversation (added in upstream PR114 during implementation),conversation,Create independent recovery copy without replaying old work,Unified conversation management,"Blank names rejected; Saved shared history remains after app-list removal; Existing active work consequences remain visible; Immutable full-history snapshot, including unloaded messages; Voice exchanges and artifact references retained; tool payloads omitted","Existing native form, action and behavior retained; navigation relocated",session-health-browser; test_session_health.py
F15.15,Current conversation (added in upstream PR114 during implementation),conversation,Protect active parent/child work and preserve original history during recovery,Unified conversation management,"Blank names rejected; Saved shared history remains after app-list removal; Existing active work consequences remain visible; Immutable full-history snapshot, including unloaded messages; Voice exchanges and artifact references retained; tool payloads omitted","Existing native form, action and behavior retained; navigation relocated",session-health-browser; test_session_health.py
